date,net_cash_inflow,inventory_payment,shipping_cost,processing_fee,marketing_expense,platform_fee,fixed_costs,total_outflows,net_daily_cash_flow,running_balance,cash_status,month
2017-07-01,0.0,0.0,1987.25,0.0,1696.6799999999998,1413.9,833.3333333333334,5931.163333333333,-5931.163333333333,494068.83666666667,healthy,2017-07
2017-07-02,1492.9099999999999,0.0,2175.5099999999998,52.25185,1641.2951999999998,1367.746,833.3333333333334,6070.136383333333,-4577.226383333333,489491.61028333334,healthy,2017-07
2017-07-03,3138.76,0.0,2623.36,109.85660000000001,2304.4680000000003,1920.3900000000003,833.3333333333334,7791.407933333334,-4652.647933333334,484838.96235,healthy,2017-07
2017-07-04,16514.69,0.0,2456.4,578.01415,2152.8768,1794.064,833.3333333333334,7814.688283333334,8700.001716666666,493538.96406666667,healthy,2017-07
2017-07-05,15147.49,0.0,3311.85,530.16215,2861.3844,2384.487,833.3333333333334,9921.216883333333,5226.273116666667,498765.2371833333,healthy,2017-07
2017-07-06,20228.59,0.0,3477.39,708.0006500000001,3076.6392,2563.866,833.3333333333334,10659.229183333335,9569.360816666665,508334.598,healthy,2017-07
2017-07-07,21406.420000000002,0.0,2526.27,749.2247000000001,1891.6968,1576.414,833.3333333333334,7576.938833333333,13829.481166666668,522164.07916666666,healthy,2017-07
2017-07-08,22883.03,0.0,1690.21,800.90605,1427.6483999999998,1189.707,833.3333333333334,5941.804783333333,16941.225216666666,539105.3043833333,healthy,2017-07
2017-07-09,20082.19,0.0,1845.15,702.87665,1189.8875999999998,991.573,833.3333333333334,5562.820583333333,14519.369416666665,553624.6738,healthy,2017-07
2017-07-10,13381.78,0.0,3070.41,468.36230000000006,2447.6808,2039.7340000000002,833.3333333333334,8859.520433333335,4522.259566666666,558146.9333666667,healthy,2017-07
2017-07-11,15966.66,0.0,3617.2599999999998,558.8331000000001,2830.926,2359.105,833.3333333333334,10199.457433333333,5767.202566666667,563914.1359333333,healthy,2017-07
2017-07-12,13118.27,0.0,3228.19,459.13945000000007,2674.584,2228.82,833.3333333333334,9424.066783333334,3694.203216666667,567608.33915,healthy,2017-07
2017-07-13,19626.49,0.0,3437.72,686.9271500000001,2148.3276,1790.2730000000001,833.3333333333334,8896.581083333333,10729.908916666669,578338.2480666667,healthy,2017-07
2017-07-14,25251.36,0.0,3088.11,883.7976000000001,2619.9912,2183.326,833.3333333333334,9608.558133333334,15642.801866666667,593981.0499333333,healthy,2017-07
2017-07-15,21419.29,0.0,2197.5,749.6751500000001,1575.3659999999998,1312.805,833.3333333333334,6668.679483333333,14750.610516666668,608731.66045,healthy,2017-07
2017-07-16,13413.53,346257.774,2513.28,469.47355000000005,1864.9008,1554.084,833.3333333333334,353492.8456833333,-340079.31568333326,268652.34476666676,healthy,2017-07
2017-07-17,19351.82,0.0,3808.57,677.3137,3043.7472000000002,2536.456,833.3333333333334,10899.420233333334,8452.399766666666,277104.7445333334,healthy,2017-07
2017-07-18,13820.11,0.0,3948.13,483.70385000000005,3864.2916,3220.2430000000004,833.3333333333334,12349.701783333334,1470.4082166666667,278575.15275000007,healthy,2017-07
2017-07-19,22119.88,0.0,3148.65,774.1958000000001,2330.1672,1941.8060000000003,833.3333333333334,9028.152333333333,13091.727666666668,291666.88041666674,healthy,2017-07
2017-07-20,27009.14,0.0,3213.73,945.3199000000001,2542.5492,2118.791,833.3333333333334,9653.723433333334,17355.416566666667,309022.2969833334,healthy,2017-07
2017-07-21,28537.35,0.0,2288.49,998.8072500000001,1790.1036,1491.7530000000002,833.3333333333334,7402.487183333334,21134.862816666664,330157.1598000001,healthy,2017-07
2017-07-22,18526.9,0.0,1852.39,648.4415000000001,1593.5040000000001,1327.92,833.3333333333334,6255.588833333333,12271.311166666668,342428.47096666676,healthy,2017-07
2017-07-23,18567.82,0.0,1888.11,649.8737000000001,1680.6863999999998,1400.5720000000001,833.3333333333334,6452.5754333333325,12115.244566666668,354543.7155333334,healthy,2017-07
2017-07-24,14130.33,0.0,3116.91,494.56155000000007,2556.0756,2130.063,833.3333333333334,9130.943483333334,4999.386516666666,359543.1020500001,healthy,2017-07
2017-07-25,16441.920000000002,0.0,3010.68,575.4672000000002,2390.52,1992.1000000000001,833.3333333333334,8802.100533333334,7639.819466666668,367182.9215166668,healthy,2017-07
2017-07-26,15543.82,0.0,2598.69,544.0337000000001,1630.4088,1358.674,833.3333333333334,6965.139833333333,8578.680166666667,375761.60168333346,healthy,2017-07
2017-07-27,19448.19,0.0,2936.17,680.68665,2220.1308,1850.1090000000002,833.3333333333334,8520.429783333335,10927.760216666664,386689.36190000013,healthy,2017-07
2017-07-28,17966.16,0.0,3233.14,628.8156,2793.156,2327.63,833.3333333333334,9816.074933333335,8150.085066666665,394839.4469666668,healthy,2017-07
2017-07-29,14458.880000000001,0.0,2364.18,506.0608000000001,2134.6392,1778.866,833.3333333333334,7617.079333333333,6841.800666666668,401681.24763333343,healthy,2017-07
2017-07-30,16651.09,0.0,2396.81,582.7881500000001,1841.0028,1534.169,833.3333333333334,7188.103283333333,9462.986716666666,411144.2343500001,healthy,2017-07
2017-07-31,21172.56,0.0,3139.5099999999998,741.0396000000001,2436.2196,2030.183,833.3333333333334,9180.285533333334,11992.274466666668,423136.5088166668,healthy,2017-07
2017-08-01,19327.81,0.0,3533.5099999999998,676.4733500000001,3018.4296,2515.358,833.3333333333334,10577.104283333334,8750.705716666667,431887.21453333343,healthy,2017-08
2017-08-02,18797.31,0.0,2912.69,657.9058500000001,2499.8556,2083.213,833.3333333333334,8986.997783333334,9810.312216666667,441697.5267500001,healthy,2017-08
2017-08-03,20686.43,0.0,3077.8,724.0250500000001,2647.6092,2206.341,833.3333333333334,9489.108583333335,11197.321416666666,452894.84816666675,healthy,2017-08
2017-08-04,25607.68,0.0,3257.7,896.2688,2558.4384,2132.032,833.3333333333334,9677.772533333335,15929.907466666666,468824.7556333334,healthy,2017-08
2017-08-05,20550.66,0.0,2509.59,719.2731000000001,1728.9396,1440.7830000000001,833.3333333333334,7231.919033333334,13318.740966666666,482143.4966000001,healthy,2017-08
2017-08-06,19070.66,0.0,2403.24,667.4731,1836.6864,1530.5720000000001,833.3333333333334,7271.304833333333,11799.355166666668,493942.85176666675,healthy,2017-08
2017-08-07,20258.29,0.0,3371.5,709.0401500000002,3195.5208,2662.934,833.3333333333334,10772.328283333334,9485.961716666667,503428.81348333345,healthy,2017-08
2017-08-08,20071.13,0.0,2865.92,702.4895500000001,2584.9356000000002,2154.1130000000003,833.3333333333334,9140.791483333336,10930.338516666665,514359.1520000001,healthy,2017-08
2017-08-09,17859.6,0.0,3244.0,625.086,2850.2724,2375.2270000000003,833.3333333333334,9927.918733333334,7931.681266666665,522290.83326666674,healthy,2017-08
2017-08-10,22146.14,0.0,3330.54,775.1149,2783.5308,2319.609,833.3333333333334,10042.128033333334,12104.011966666665,534394.8452333334,healthy,2017-08
2017-08-11,25373.65,0.0,3173.08,888.0777500000002,2663.268,2219.3900000000003,833.3333333333334,9777.149083333336,15596.500916666666,549991.3461500001,healthy,2017-08
2017-08-12,23836.18,0.0,2086.99,834.2663000000001,1791.6048,1493.0040000000001,833.3333333333334,7039.198433333333,16796.98156666667,566788.3277166667,healthy,2017-08
2017-08-13,18733.81,0.0,2141.14,655.6833500000001,1728.6516,1440.5430000000001,833.3333333333334,6799.3512833333325,11934.458716666668,578722.7864333334,healthy,2017-08
2017-08-14,21012.86,0.0,3347.79,735.4501000000001,2553.2592,2127.716,833.3333333333334,9597.548633333334,11415.311366666667,590138.0978000001,healthy,2017-08
2017-08-15,16596.28,0.0,4204.07,580.8698,3347.5704,2789.6420000000003,833.3333333333334,11755.485533333334,4840.794466666664,594978.8922666667,healthy,2017-08
2017-08-16,17685.11,393969.648,3943.68,618.9788500000001,2967.3624,2472.802,833.3333333333334,404805.8045833333,-387120.69458333333,207858.19768333342,healthy,2017-08
2017-08-17,19953.35,0.0,3365.94,698.36725,2604.486,2170.405,833.3333333333334,9672.531583333333,10280.818416666665,218139.01610000007,healthy,2017-08
2017-08-18,25749.079999999998,0.0,2893.86,901.2178,2403.1043999999997,2002.587,833.3333333333334,9034.102533333333,16714.977466666664,234853.99356666673,healthy,2017-08
2017-08-19,27379.24,0.0,2189.52,958.2734000000002,1810.3224,1508.602,833.3333333333334,7300.0511333333325,20079.18886666667,254933.1824333334,healthy,2017-08
2017-08-20,19645.56,0.0,2081.39,687.5946000000001,1794.6204,1495.517,833.3333333333334,6892.455333333332,12753.10466666667,267686.2871000001,healthy,2017-08
2017-08-21,15687.04,0.0,3780.8,549.0464000000001,3091.23,2576.025,833.3333333333334,10830.434733333333,4856.605266666667,272542.89236666675,healthy,2017-08
2017-08-22,17354.75,0.0,3122.35,607.4162500000001,2369.9364,1974.9470000000001,833.3333333333334,8907.982983333333,8446.767016666667,280989.6593833334,healthy,2017-08
2017-08-23,16955.04,0.0,2720.18,593.4264000000001,2231.2548,1859.3790000000001,833.3333333333334,8237.573533333332,8717.466466666669,289707.12585000007,healthy,2017-08
2017-08-24,25948.7,0.0,2621.4,908.2045000000002,1931.3292,1609.441,833.3333333333334,7903.708033333333,18044.99196666667,307752.1178166668,healthy,2017-08
2017-08-25,20067.44,0.0,2192.08,702.3604,2023.2996,1686.0830000000003,833.3333333333334,7437.156333333333,12630.283666666666,320382.40148333344,healthy,2017-08
2017-08-26,18204.3,0.0,1912.96,637.1505000000001,1446.558,1205.465,833.3333333333334,6035.466833333333,12168.833166666667,332551.2346500001,healthy,2017-08
2017-08-27,13930.55,0.0,2553.3,487.56925,1868.784,1557.3200000000002,833.3333333333334,7300.306583333334,6630.243416666665,339181.47806666675,healthy,2017-08
2017-08-28,15398.6,0.0,3434.55,538.951,3059.6484,2549.7070000000003,833.3333333333334,10416.189733333335,4982.410266666666,344163.8883333334,healthy,2017-08
2017-08-29,13027.94,0.0,3222.21,455.97790000000003,4375.044,3645.87,833.3333333333334,12532.435233333334,495.5047666666669,344659.3931000001,healthy,2017-08
2017-08-30,20162.68,0.0,4018.66,705.6938000000001,4184.9796,3487.483,833.3333333333334,13230.149733333334,6932.530266666667,351591.9233666668,healthy,2017-08
2017-08-31,29835.07,0.0,3023.48,1044.22745,2843.3976,2369.498,833.3333333333334,10113.936383333334,19721.133616666666,371313.05698333343,healthy,2017-08
2017-09-01,34382.479999999996,0.0,3843.55,1203.3868,3861.7427999999995,3218.119,833.3333333333334,12960.131933333334,21422.348066666662,392735.4050500001,healthy,2017-09
2017-09-02,30206.829999999998,0.0,2350.52,1057.2390500000001,2457.5016,2047.9180000000001,833.3333333333334,8746.511983333334,21460.318016666664,414195.72306666675,healthy,2017-09
2017-09-03,22795.21,0.0,3133.66,797.83235,3689.9003999999995,3074.917,833.3333333333334,11529.643083333332,11265.566916666667,425461.28998333344,healthy,2017-09
2017-09-04,30398.66,0.0,3447.2400000000002,1063.9531000000002,3406.2264,2838.5220000000004,833.3333333333334,11589.274833333335,18809.385166666667,444270.6751500001,healthy,2017-09
2017-09-05,23839.41,0.0,3534.65,834.37935,2920.2348,2433.529,833.3333333333334,10556.126483333333,13283.283516666666,457553.95866666676,healthy,2017-09
2017-09-06,34383.49,0.0,3169.48,1203.42215,3396.5027999999998,2830.419,833.3333333333334,11433.157283333334,22950.332716666664,480504.29138333345,healthy,2017-09
2017-09-07,28024.88,0.0,2203.2599999999998,980.8708000000001,2291.6112,1909.676,833.3333333333334,8218.751333333334,19806.128666666667,500310.42005000013,healthy,2017-09
2017-09-08,22904.66,0.0,2590.42,801.6631000000001,1699.4244,1416.1870000000001,833.3333333333334,7341.027833333334,15563.632166666666,515874.05221666675,healthy,2017-09
2017-09-09,25723.13,0.0,2593.22,900.3095500000002,2121.7464,1768.1220000000003,833.3333333333334,8216.731283333334,17506.398716666667,533380.4509333335,healthy,2017-09
2017-09-10,18332.91,0.0,2994.39,641.6518500000001,2484.3312,2070.2760000000003,833.3333333333334,9023.982383333334,9308.927616666666,542689.3785500001,healthy,2017-09
2017-09-11,11833.960000000001,0.0,3589.66,414.18860000000006,3229.974,2691.6450000000004,833.3333333333334,10758.800933333334,1075.159066666667,543764.5376166668,healthy,2017-09
2017-09-12,21177.5,0.0,5091.21,741.2125000000001,3851.6675999999998,3209.723,833.3333333333334,13727.146433333335,7450.353566666665,551214.8911833335,healthy,2017-09
2017-09-13,26452.72,0.0,4267.83,925.8452000000001,3792.144,3160.1200000000003,833.3333333333334,12979.272533333335,13473.447466666667,564688.33865,healthy,2017-09
2017-09-14,26580.71,0.0,3897.96,930.3248500000001,3143.9796,2619.983,833.3333333333334,11425.580783333335,15155.129216666664,579843.4678666667,healthy,2017-09
2017-09-15,27767.0,0.0,3133.34,971.8450000000001,2555.124,2129.27,833.3333333333334,9622.912333333334,18144.087666666666,597987.5555333334,healthy,2017-09
2017-09-16,29516.31,427670.34599999996,2842.65,1033.07085,2825.7936,2354.828,833.3333333333334,437560.0217833333,-408043.7117833333,189943.84375000017,healthy,2017-09
2017-09-17,27076.53,0.0,2846.62,947.6785500000001,2739.1248,2282.6040000000003,833.3333333333334,9649.360683333334,17427.169316666666,207371.01306666684,healthy,2017-09
2017-09-18,21041.02,0.0,4028.5,736.4357000000001,3841.9667999999997,3201.639,833.3333333333334,12641.874833333333,8399.145166666667,215770.1582333335,healthy,2017-09
2017-09-19,28199.07,0.0,3315.83,986.9674500000001,2775.636,2313.03,833.3333333333334,10224.796783333335,17974.273216666665,233744.43145000015,healthy,2017-09
2017-09-20,26015.79,0.0,3877.96,910.5526500000001,3087.1716,2572.643,833.3333333333334,11281.660583333334,14734.129416666667,248478.5608666668,healthy,2017-09
2017-09-21,26556.35,0.0,3411.29,929.47225,2642.9111999999996,2202.426,833.3333333333334,10019.432783333334,16536.917216666665,265015.47808333347,healthy,2017-09
2017-09-22,21678.1,0.0,2743.08,758.7335,2214.744,1845.6200000000001,833.3333333333334,8395.510833333334,13282.589166666665,278298.06725000014,healthy,2017-09
2017-09-23,26231.7,0.0,1840.57,918.1095000000001,1395.9696,1163.308,833.3333333333334,6151.290433333334,20080.40956666667,298378.4768166668,healthy,2017-09
2017-09-24,19444.39,0.0,2450.47,680.5536500000001,1844.5464,1537.122,833.3333333333334,7346.025383333334,12098.364616666666,310476.84143333347,healthy,2017-09
2017-09-25,15654.76,0.0,2942.11,547.9166,2500.7652,2083.971,833.3333333333334,8908.096133333334,6746.663866666666,317223.50530000014,healthy,2017-09
2017-09-26,16171.0,0.0,3544.45,565.985,3017.5751999999998,2514.646,833.3333333333334,10475.989533333333,5695.010466666667,322918.5157666668,healthy,2017-09
2017-09-27,16707.59,0.0,3436.31,584.76565,2889.9876,2408.323,833.3333333333334,10152.719583333334,6554.870416666667,329473.38618333347,healthy,2017-09
2017-09-28,20966.8,0.0,3068.18,733.8380000000001,3148.8959999999997,2624.08,833.3333333333334,10408.327333333333,10558.472666666667,340031.85885000014,healthy,2017-09
2017-09-29,24599.75,0.0,2812.96,860.99125,4041.0744,3367.5620000000004,833.3333333333334,11915.920983333333,12683.829016666667,352715.6878666668,healthy,2017-09
2017-09-30,22115.59,0.0,2096.13,774.04565,1665.7956,1388.163,833.3333333333334,6757.467583333334,15358.122416666665,368073.81028333347,healthy,2017-09
2017-10-01,23852.79,0.0,2998.46,834.8476500000002,2529.5807999999997,2107.984,833.3333333333334,9304.205783333335,14548.584216666666,382622.39450000017,healthy,2017-10
2017-10-02,33929.729999999996,0.0,3413.65,1187.54055,3021.3959999999997,2517.83,833.3333333333334,10973.749883333334,22955.980116666662,405578.3746166668,healthy,2017-10
2017-10-03,15590.09,0.0,4270.55,545.6531500000001,3646.6944,3038.9120000000003,833.3333333333334,12335.142883333334,3254.9471166666663,408833.32173333346,healthy,2017-10
2017-10-04,24474.63,0.0,3589.88,856.6120500000001,2974.5096,2478.758,833.3333333333334,10733.092983333334,13741.537016666667,422574.85875000013,healthy,2017-10
2017-10-05,26884.11,0.0,3585.02,940.9438500000001,3457.8527999999997,2881.544,833.3333333333334,11698.693983333333,15185.416016666668,437760.2747666668,healthy,2017-10
2017-10-06,28435.97,0.0,2899.66,995.2589500000001,2390.9304,1992.4420000000002,833.3333333333334,9111.624683333335,19324.345316666666,457084.62008333346,healthy,2017-10
2017-10-07,22280.46,0.0,2301.89,779.8161,2081.1468,1734.289,833.3333333333334,7730.475233333333,14549.984766666666,471634.6048500001,healthy,2017-10
2017-10-08,26676.88,0.0,2885.08,933.6908000000001,2330.8908,1942.409,833.3333333333334,8925.403933333335,17751.476066666666,489386.0809166668,healthy,2017-10
2017-10-09,19147.37,0.0,4573.84,670.15795,4017.1331999999998,3347.6110000000003,833.3333333333334,13442.075483333334,5705.294516666665,495091.37543333345,healthy,2017-10
2017-10-10,24388.510000000002,0.0,3633.73,853.5978500000001,3800.9352,3167.446,833.3333333333334,12289.042383333333,12099.467616666669,507190.84305000014,healthy,2017-10
2017-10-11,24260.17,0.0,3200.72,849.10595,2961.9827999999998,2468.319,833.3333333333334,10313.461083333334,13946.708916666665,521137.5519666668,healthy,2017-10
2017-10-12,26785.829999999998,0.0,3388.25,937.50405,2611.7075999999997,2176.4230000000002,833.3333333333334,9947.217983333334,16838.612016666666,537976.1639833335,healthy,2017-10
2017-10-13,28414.82,0.0,3465.32,994.5187000000001,3084.9359999999997,2570.78,833.3333333333334,10948.888033333335,17465.931966666663,555442.0959500001,healthy,2017-10
2017-10-14,27249.03,0.0,2640.5299999999997,953.71605,1935.7776,1613.1480000000001,833.3333333333334,7976.504983333332,19272.525016666666,574714.6209666668,healthy,2017-10
2017-10-15,22395.04,0.0,2498.99,783.8264000000001,2531.6459999999997,2109.705,833.3333333333334,8757.500733333332,13637.539266666668,588352.1602333335,healthy,2017-10
2017-10-16,21760.98,456090.102,4448.76,761.6343,4185.198,3487.6650000000004,833.3333333333334,469806.69263333327,-448045.7126333333,140306.4476000002,healthy,2017-10
2017-10-17,19728.3,0.0,4962.96,690.4905,4122.0876,3435.0730000000003,833.3333333333334,14043.944433333334,5684.355566666665,145990.80316666688,healthy,2017-10
2017-10-18,24617.88,0.0,4244.07,861.6258000000001,3780.2255999999998,3150.188,833.3333333333334,12869.442733333333,11748.437266666668,157739.24043333356,healthy,2017-10
2017-10-19,32013.33,0.0,3674.17,1120.46655,3224.7456,2687.2880000000005,833.3333333333334,11540.003483333336,20473.326516666668,178212.56695000024,healthy,2017-10
2017-10-20,34638.27,0.0,2928.1,1212.33945,2576.568,2147.1400000000003,833.3333333333334,9697.480783333334,24940.789216666664,203153.3561666669,healthy,2017-10
2017-10-21,30477.31,0.0,2536.18,1066.70585,2052.2183999999997,1710.182,833.3333333333334,8198.619583333333,22278.690416666668,225432.04658333358,healthy,2017-10
2017-10-22,25968.35,0.0,3435.83,908.89225,2780.5788000000002,2317.1490000000003,833.3333333333334,10275.783383333333,15692.566616666665,241124.61320000025,healthy,2017-10
2017-10-23,20258.3,0.0,3514.84,709.0405000000001,3057.8183999999997,2548.1820000000002,833.3333333333334,10663.214233333334,9595.085766666665,250719.6989666669,healthy,2017-10
2017-10-24,18228.76,0.0,3659.61,638.0066,3085.3908,2571.159,833.3333333333334,10787.499733333334,7441.260266666664,258160.9592333336,healthy,2017-10
2017-10-25,29873.01,0.0,3224.5299999999997,1045.55535,2487.7907999999998,2073.159,833.3333333333334,9664.368483333334,20208.641516666663,278369.6007500002,healthy,2017-10
2017-10-26,22097.01,0.0,3726.55,773.39535,3069.4008,2557.8340000000003,833.3333333333334,10960.513483333334,11136.496516666664,289506.09726666694,healthy,2017-10
2017-10-27,21060.03,0.0,2774.87,737.10105,2778.9672,2315.806,833.3333333333334,9440.077583333334,11619.952416666665,301126.0496833336,healthy,2017-10
2017-10-28,22835.33,0.0,2438.87,799.2365500000002,2270.6976,1892.248,833.3333333333334,8234.385483333333,14600.944516666668,315726.99420000025,healthy,2017-10
2017-10-29,23323.16,0.0,2999.57,816.3106,2406.6204000000002,2005.5170000000003,833.3333333333334,9061.351333333334,14261.808666666666,329988.8028666669,healthy,2017-10
2017-10-30,22047.94,0.0,3038.68,771.6779,2741.0016,2284.168,833.3333333333334,9668.860833333334,12379.079166666665,342367.8820333336,healthy,2017-10
2017-10-31,22024.29,0.0,3033.53,770.8501500000001,3221.5908,2684.659,833.3333333333334,10543.963283333334,11480.326716666666,353848.2087500002,healthy,2017-10
2017-11-01,20096.96,0.0,2683.38,703.3936,2648.0352,2206.696,833.3333333333334,9074.838133333333,11022.121866666666,364870.33061666694,healthy,2017-11
2017-11-02,25281.73,0.0,2777.28,884.8605500000001,2872.932,2394.11,833.3333333333334,9762.515883333333,15519.214116666666,380389.5447333336,healthy,2017-11
2017-11-03,25223.23,0.0,3192.1,882.8130500000001,3124.3295999999996,2603.608,833.3333333333334,10636.183983333334,14587.046016666665,394976.5907500002,healthy,2017-11
2017-11-04,18423.37,0.0,3097.54,644.81795,2667.9372,2223.2810000000004,833.3333333333334,9466.909483333335,8956.460516666664,403933.0512666669,healthy,2017-11
2017-11-05,26342.01,0.0,3530.05,921.97035,2396.9616,1997.468,833.3333333333334,9679.783283333336,16662.226716666664,420595.27798333357,healthy,2017-11
2017-11-06,27174.77,0.0,4460.62,951.1169500000001,3876.4284,3230.357,833.3333333333334,13351.855683333333,13822.914316666667,434418.1923000002,healthy,2017-11
2017-11-07,27665.37,0.0,3733.95,968.28795,2831.7096,2359.7580000000003,833.3333333333334,10727.038883333335,16938.331116666664,451356.5234166669,healthy,2017-11
2017-11-08,17901.7,0.0,3988.7999999999997,626.5595000000001,2781.9996,2318.333,833.3333333333334,10549.025433333334,7352.674566666667,458709.19798333355,healthy,2017-11
2017-11-09,26909.89,0.0,3800.25,941.8461500000001,3412.8743999999997,2844.062,833.3333333333334,11832.365883333334,15077.524116666666,473786.72210000025,healthy,2017-11
2017-11-10,27543.7,0.0,3273.08,964.0295000000001,2675.6328,2229.694,833.3333333333334,9975.769633333333,17567.930366666667,491354.6524666669,healthy,2017-11
2017-11-11,23462.24,0.0,3370.99,821.1784000000001,3188.8884,2657.407,833.3333333333334,10871.797133333333,12590.442866666668,503945.0953333336,healthy,2017-11
2017-11-12,27285.37,0.0,3413.72,954.9879500000001,3120.2376,2600.1980000000003,833.3333333333334,10922.476883333335,16362.893116666664,520307.98845000024,healthy,2017-11
2017-11-13,19603.2,0.0,4886.7,686.1120000000001,3487.2036,2906.003,833.3333333333334,12799.351933333333,6803.848066666667,527111.8365166669,healthy,2017-11
2017-11-14,28059.09,0.0,4229.22,982.0681500000001,3711.9024,3093.2520000000004,833.3333333333334,12849.775883333334,15209.314116666666,542321.1506333336,healthy,2017-11
2017-11-15,31277.38,0.0,3771.46,1094.7083000000002,3203.9844,2669.987,833.3333333333334,11573.473033333334,19703.90696666667,562025.0576000002,healthy,2017-11
2017-11-16,27785.48,700353.0179999999,4649.27,972.4918000000001,3950.1696,3291.8080000000004,833.3333333333334,714050.0907333333,-686264.6107333333,-124239.5531333331,insolvent,2017-11
2017-11-17,32041.5,0.0,4968.0,1121.4525,4097.3004,3414.417,833.3333333333334,14434.503233333333,17606.996766666667,-106632.55636666645,insolvent,2017-11
2017-11-18,28639.88,0.0,3960.35,1002.3958000000001,3262.218,2718.5150000000003,833.3333333333334,11776.812133333335,16863.067866666664,-89769.48849999974,insolvent,2017-11
2017-11-19,26872.67,0.0,3357.05,940.54345,2797.5119999999997,2331.2599999999998,833.3333333333334,10259.698783333333,16612.971216666665,-73156.51728333312,insolvent,2017-11
2017-11-20,30533.510000000002,0.0,5730.06,1068.6728500000002,5959.1604,4965.967000000001,833.3333333333334,18557.193583333334,11976.316416666668,-61180.20086666639,insolvent,2017-11
2017-11-21,31981.35,0.0,4922.41,1119.34725,4638.7536,3865.628,833.3333333333334,15379.472183333333,16601.877816666667,-44578.32304999977,insolvent,2017-11
2017-11-22,29702.03,0.0,4969.35,1039.57105,3557.7372,2964.7810000000004,833.3333333333334,13364.772583333335,16337.257416666664,-28241.065633333055,insolvent,2017-11
2017-11-23,46382.08,0.0,6758.22,1623.3728000000003,6038.655599999999,5032.213,833.3333333333334,20285.794733333332,26096.28526666667,-2144.780366666382,insolvent,2017-11
2017-11-24,37335.17,0.0,25632.920000000002,1306.7309500000001,21297.9888,17748.324,833.3333333333334,66819.29708333332,-29484.127083333326,-31628.907449999708,insolvent,2017-11
2017-11-25,56194.53,0.0,10878.81,1966.8085500000002,8563.7292,7136.441000000001,833.3333333333334,29379.122083333332,26815.407916666667,-4813.499533333059,insolvent,2017-11
2017-11-26,52153.64,0.0,8226.28,1825.3774,6369.6612000000005,5308.051,833.3333333333334,22562.70293333333,29590.93706666667,24777.437533333607,critical,2017-11
2017-11-27,150922.21,0.0,8707.88,5282.27735,6775.520399999999,5646.267,833.3333333333334,27245.27808333333,123676.93191666665,148454.36945000023,healthy,2017-11
2017-11-28,73020.96,0.0,8343.8,2555.7336000000005,6738.1632,5615.136,833.3333333333334,24086.16613333333,48934.793866666674,197389.1633166669,healthy,2017-11
2017-11-29,58265.98,0.0,7184.36,2039.3093000000003,5636.612399999999,4697.177,833.3333333333334,20390.79203333333,37875.18796666667,235264.35128333356,healthy,2017-11
2017-11-30,57351.54,0.0,5282.63,2007.3039,4386.3648,3655.304,833.3333333333334,16164.936033333333,41186.60396666667,276450.95525000023,healthy,2017-11
2017-12-01,51096.38,0.0,5969.04,1788.3733,5445.726000000001,4538.1050000000005,833.3333333333334,18574.577633333334,32521.802366666663,308972.7576166669,healthy,2017-12
2017-12-02,43613.74,0.0,4486.84,1526.4809,4251.0696,3542.5580000000004,833.3333333333334,14640.281833333336,28973.458166666664,337946.2157833336,healthy,2017-12
2017-12-03,35086.23,0.0,4927.14,1228.0180500000001,4088.3651999999997,3406.971,833.3333333333334,14483.827583333334,20602.40241666667,358548.61820000026,healthy,2017-12
2017-12-04,46011.69,0.0,6707.25,1610.4091500000002,6272.470799999999,5227.059,833.3333333333334,20650.522283333332,25361.16771666667,383909.78591666697,healthy,2017-12
2017-12-05,42230.94,0.0,5928.05,1478.0829,4747.2504,3956.042,833.3333333333334,16942.758633333335,25288.181366666668,409197.9672833336,healthy,2017-12
2017-12-06,35553.99,0.0,6291.4800000000005,1244.38965,5458.828799999999,4549.024,833.3333333333334,18377.055783333333,17176.934216666665,426374.90150000027,healthy,2017-12
2017-12-07,49136.34,0.0,4848.71,1719.7719,3935.4576,3279.5480000000007,833.3333333333334,14616.820833333335,34519.519166666665,460894.42066666693,healthy,2017-12
2017-12-08,37243.39,0.0,4468.09,1303.5186500000002,4044.786,3370.6550000000007,833.3333333333334,14020.382983333335,23223.007016666663,484117.4276833336,healthy,2017-12
2017-12-09,43920.3,0.0,3612.48,1537.2105000000001,2836.7424,2363.952,833.3333333333334,11183.718233333335,32736.58176666667,516854.00945000025,healthy,2017-12
2017-12-10,27746.72,0.0,3811.55,971.1352000000002,3339.6767999999997,2783.0640000000003,833.3333333333334,11738.759333333333,16007.960666666668,532861.970116667,healthy,2017-12
2017-12-11,31897.41,0.0,5351.48,1116.4093500000001,4671.2364,3892.697,833.3333333333334,15865.156083333333,16032.253916666667,548894.2240333336,healthy,2017-12
2017-12-12,28955.21,0.0,5044.61,1013.43235,4572.9096,3810.7580000000003,833.3333333333334,15275.043283333333,13680.166716666667,562574.3907500003,healthy,2017-12
2017-12-13,27061.78,0.0,4763.29,947.1623000000001,4095.2664,3412.722,833.3333333333334,14051.774033333333,13010.005966666666,575584.3967166669,healthy,2017-12
2017-12-14,39394.39,0.0,4294.64,1378.80365,3549.7043999999996,2958.087,833.3333333333334,13014.568383333333,26379.821616666668,601964.2183333336,healthy,2017-12
2017-12-15,40873.56,0.0,4032.85,1430.5746000000001,3738.0204,3115.0170000000003,833.3333333333334,13149.795333333333,27723.764666666662,629687.9830000002,healthy,2017-12
2017-12-16,30065.420000000002,511683.192,2590.28,1052.2897000000003,2728.998,2274.1650000000004,833.3333333333334,521162.25803333335,-491096.83803333336,138591.14496666694,healthy,2017-12
2017-12-17,25375.5,0.0,2777.2400000000002,888.1425,2635.17,2195.975,833.3333333333334,9329.860833333334,16045.639166666666,154636.7841333336,healthy,2017-12
2017-12-18,28977.35,0.0,4648.5,1014.20725,4057.668,3381.3900000000003,833.3333333333334,13935.098583333334,15042.251416666664,169679.03555000026,healthy,2017-12
2017-12-19,29286.06,0.0,3512.3,1025.0121000000001,2896.1411999999996,2413.451,833.3333333333334,10680.237633333332,18605.822366666667,188284.85791666695,healthy,2017-12
2017-12-20,24329.17,0.0,3919.88,851.52095,3695.0903999999996,3079.242,833.3333333333334,12379.066683333334,11950.103316666664,200234.96123333363,healthy,2017-12
2017-12-21,34145.26,0.0,2906.42,1195.0841000000003,2549.6928,2124.744,833.3333333333334,9609.274233333334,24535.98576666667,224770.94700000028,healthy,2017-12
2017-12-22,21490.67,0.0,2260.89,752.17345,2061.9359999999997,1718.28,833.3333333333334,7626.612783333332,13864.057216666666,238635.00421666694,healthy,2017-12
2017-12-23,27398.54,0.0,2363.4,958.9489000000001,1703.8583999999998,1419.882,833.3333333333334,7279.422633333333,20119.11736666667,258754.12158333362,healthy,2017-12
2017-12-24,19286.0,0.0,1053.67,675.0100000000001,798.4427999999999,665.369,833.3333333333334,4025.8251333333337,15260.174866666666,274014.29645000026,healthy,2017-12
2017-12-25,14200.61,0.0,2267.63,497.02135000000004,1487.7684,1239.807,833.3333333333334,6325.560083333333,7875.049916666668,281889.34636666696,healthy,2017-12
2017-12-26,12888.33,0.0,3199.33,451.09155000000004,2793.6935999999996,2328.078,833.3333333333334,9605.526483333333,3282.803516666667,285172.1498833336,healthy,2017-12
2017-12-27,10448.789999999999,0.0,3327.11,365.70765,2523.3012,2102.7509999999997,833.3333333333334,9152.203183333333,1296.586816666666,286468.7367000003,healthy,2017-12
2017-12-28,14826.210000000001,0.0,2698.91,518.91735,2083.02,1735.8500000000001,833.3333333333334,7870.030683333333,6956.179316666668,293424.916016667,healthy,2017-12
2017-12-29,20455.56,0.0,2707.27,715.9446000000002,2234.4108,1862.009,833.3333333333334,8352.967733333335,12102.592266666667,305527.5082833336,healthy,2017-12
2017-12-30,22127.73,0.0,2146.84,774.47055,1824.192,1520.16,833.3333333333334,7098.995883333333,15028.734116666667,320556.24240000034,healthy,2017-12
2017-12-31,16824.63,0.0,1490.33,588.8620500000001,1215.7440000000001,1013.1200000000001,833.3333333333334,5141.389383333333,11683.240616666668,332239.48301666696,healthy,2017-12
2018-01-01,15586.08,0.0,1427.36,545.5128000000001,996.8832,830.7360000000001,833.3333333333334,4633.825333333333,10952.254666666668,343191.7376833337,healthy,2018-01
2018-01-02,14995.93,0.0,4095.5099999999998,524.8575500000001,3529.2612,2941.0510000000004,833.3333333333334,11924.013083333333,3071.916916666667,346263.65460000036,healthy,2018-01
2018-01-03,12716.41,0.0,4824.24,445.07435000000004,4309.328399999999,3591.107,833.3333333333334,14003.083083333333,-1286.6730833333331,344976.981516667,healthy,2018-01
2018-01-04,14620.82,0.0,5022.33,511.72870000000006,4725.954,3938.295,833.3333333333334,15031.641033333333,-410.8210333333336,344566.16048333363,healthy,2018-01
2018-01-05,34653.56,0.0,4402.6,1212.8746,3744.5076,3120.4230000000002,833.3333333333334,13313.738533333335,21339.82146666666,365905.98195000034,healthy,2018-01
2018-01-06,34055.62,0.0,4971.61,1191.9467000000002,3909.7535999999996,3258.128,833.3333333333334,14164.771633333334,19890.84836666667,385796.830316667,healthy,2018-01
2018-01-07,37632.74,0.0,4485.11,1317.1459,4070.1744000000003,3391.8120000000004,833.3333333333334,14097.575633333334,23535.164366666664,409331.9946833337,healthy,2018-01
2018-01-08,30061.93,0.0,6454.25,1052.1675500000001,5421.1464,4517.622,833.3333333333334,18278.51928333333,11783.410716666669,421115.40540000034,healthy,2018-01
2018-01-09,34586.02,0.0,5138.63,1210.5107,4233.9839999999995,3528.3199999999997,833.3333333333334,14944.778033333334,19641.24196666666,440756.647366667,healthy,2018-01
2018-01-10,36784.26,0.0,6326.73,1287.4491000000003,5349.0444,4457.537,833.3333333333334,18254.093833333332,18530.16616666667,459286.81353333365,healthy,2018-01
2018-01-11,45770.340000000004,0.0,6244.24,1601.9619000000002,5543.8212,4619.851000000001,833.3333333333334,18843.207433333333,26927.13256666667,486213.94610000035,healthy,2018-01
2018-01-12,42442.38,0.0,5944.03,1485.4833,4431.955199999999,3693.2960000000003,833.3333333333334,16388.097833333333,26054.282166666664,512268.228266667,healthy,2018-01
2018-01-13,39966.31,0.0,4571.98,1398.82085,3900.5532,3250.4610000000002,833.3333333333334,13955.148383333335,26011.161616666664,538279.3898833337,healthy,2018-01
2018-01-14,37666.25,0.0,4356.2,1318.3187500000001,4207.686000000001,3506.4050000000007,833.3333333333334,14221.943083333335,23444.306916666665,561723.6968000004,healthy,2018-01
2018-01-15,36310.38,0.0,6444.49,1270.8633,5314.08,4428.400000000001,833.3333333333334,18291.166633333334,18019.213366666663,579742.910166667,healthy,2018-01
2018-01-16,35369.1,658794.576,6856.8,1237.9185,6135.5148,5112.929,833.3333333333334,678971.0716333335,-643601.9716333335,-63859.06146666652,insolvent,2018-01
2018-01-17,43194.44,0.0,6039.03,1511.8054000000002,5036.8488,4197.374,833.3333333333334,17618.39153333333,25576.04846666667,-38283.0129999998,insolvent,2018-01
2018-01-18,39755.45,0.0,4984.62,1391.44075,3931.8348,3276.5290000000005,833.3333333333334,14417.757883333334,25337.692116666665,-12945.32088333316,insolvent,2018-01
2018-01-19,47366.04,0.0,5254.01,1657.8114000000003,4171.8060000000005,3476.5050000000006,833.3333333333334,15393.465733333336,31972.574266666663,19027.253383333504,critical,2018-01
2018-01-20,40776.13,0.0,4529.28,1427.16455,3212.4756,2677.063,833.3333333333334,12679.316483333334,28096.81351666666,47124.06690000015,critical,2018-01
2018-01-21,30364.59,0.0,4047.35,1062.7606500000002,3334.0080000000003,2778.34,833.3333333333334,12055.791983333334,18308.798016666668,65432.86491666682,warning,2018-01
2018-01-22,32046.16,0.0,6203.17,1121.6156,5185.8732,4321.561000000001,833.3333333333334,17665.553133333335,14380.606866666665,79813.47178333346,warning,2018-01
2018-01-23,29404.53,0.0,5501.37,1029.15855,4779.948,3983.2900000000004,833.3333333333334,16127.099883333334,13277.430116666665,93090.90190000011,warning,2018-01
2018-01-24,31769.5,0.0,5113.56,1111.9325000000001,4377.662399999999,3648.0519999999997,833.3333333333334,15084.540233333333,16684.959766666667,109775.86166666681,healthy,2018-01
2018-01-25,43033.8,0.0,5022.83,1506.1830000000002,4168.11,3473.425,833.3333333333334,15003.881333333333,28029.918666666672,137805.78033333347,healthy,2018-01
2018-01-26,40194.66,0.0,5207.5199999999995,1406.8131000000003,4679.7216,3899.768,833.3333333333334,16027.156033333335,24167.50396666667,161973.28430000017,healthy,2018-01
2018-01-27,33550.12,0.0,3020.0099999999998,1174.2542000000003,2948.2344,2456.862,833.3333333333334,10432.693933333334,23117.426066666667,185090.71036666684,healthy,2018-01
2018-01-28,32473.14,0.0,3322.4,1136.5599000000002,3244.5756,2703.813,833.3333333333334,11240.681833333334,21232.458166666664,206323.16853333352,healthy,2018-01
2018-01-29,39161.95,0.0,5434.46,1370.66825,4254.8496000000005,3545.7080000000005,833.3333333333334,15439.019183333334,23722.930816666663,230046.0993500002,healthy,2018-01
2018-01-30,26544.63,0.0,5597.62,929.0620500000001,4133.912399999999,3444.9269999999997,833.3333333333334,14938.854783333334,11605.775216666667,241651.87456666687,healthy,2018-01
2018-01-31,31117.36,0.0,4967.98,1089.1076,4475.4072,3729.506,833.3333333333334,15095.334133333334,16022.025866666667,257673.90043333353,healthy,2018-01
2018-02-01,33038.54,0.0,5318.49,1156.3489000000002,4240.2504,3533.542,833.3333333333334,15081.964633333333,17956.575366666668,275630.4758000002,healthy,2018-02
2018-02-02,32597.53,0.0,4728.82,1140.91355,3882.8759999999997,3235.73,833.3333333333334,13821.672883333333,18775.857116666666,294406.33291666687,healthy,2018-02
2018-02-03,38212.17,0.0,4082.17,1337.42595,3260.2068,2716.839,833.3333333333334,12229.975083333333,25982.194916666667,320388.52783333353,healthy,2018-02
2018-02-04,33248.06,0.0,4181.48,1163.6821,3350.9159999999997,2792.4300000000003,833.3333333333334,12321.841433333333,20926.218566666663,341314.7464000002,healthy,2018-02
2018-02-05,28948.53,0.0,5740.58,1013.1985500000001,5112.8196,4260.683,833.3333333333334,16960.61448333333,11987.915516666668,353302.66191666684,healthy,2018-02
2018-02-06,29810.96,0.0,5690.52,1043.3836000000001,4751.976000000001,3959.9800000000005,833.3333333333334,16279.192933333334,13531.767066666665,366834.4289833335,healthy,2018-02
2018-02-07,35545.02,0.0,4981.1,1244.0757,4333.1328,3610.9440000000004,833.3333333333334,15002.585833333336,20542.43416666666,387376.86315000016,healthy,2018-02
2018-02-08,42705.96,0.0,4452.68,1494.7086000000002,3783.7572,3153.1310000000003,833.3333333333334,13717.610133333334,28988.349866666664,416365.2130166668,healthy,2018-02
2018-02-09,36407.11,0.0,4056.43,1274.2488500000002,4157.2644,3464.3870000000006,833.3333333333334,13785.663583333335,22621.446416666666,438986.6594333335,healthy,2018-02
2018-02-10,36574.29,0.0,3753.09,1280.1001500000002,2921.0496000000003,2434.208,833.3333333333334,11221.781083333335,25352.508916666666,464339.16835000017,healthy,2018-02
2018-02-11,28600.86,0.0,3407.64,1001.0301000000001,3093.3815999999997,2577.818,833.3333333333334,10913.203033333333,17687.65696666667,482026.8253166668,healthy,2018-02
2018-02-12,28699.63,0.0,4281.13,1004.4870500000002,3308.3148,2756.929,833.3333333333334,12184.194183333335,16515.435816666664,498542.2611333335,healthy,2018-02
2018-02-13,25044.51,0.0,4432.28,876.55785,3348.7128,2790.594,833.3333333333334,12281.477983333332,12763.032016666666,511305.29315000016,healthy,2018-02
2018-02-14,26813.32,0.0,6185.33,938.4662000000001,5171.3135999999995,4309.428,833.3333333333334,17437.87113333333,9375.44886666667,520680.7420166668,healthy,2018-02
2018-02-15,33141.7,0.0,5565.49,1159.9595,4505.365199999999,3754.471,833.3333333333334,15818.619033333332,17323.080966666665,538003.8229833335,healthy,2018-02
2018-02-16,32758.28,587301.282,4763.63,1146.5398,3790.2527999999998,3158.544,833.3333333333334,600993.5819333334,-568235.3019333334,-30231.478949999902,insolvent,2018-02
2018-02-17,38301.25,0.0,4432.76,1340.54375,3512.9088,2927.4240000000004,833.3333333333334,13046.969883333335,25254.280116666665,-4977.198833333212,insolvent,2018-02
2018-02-18,34130.51,0.0,4445.37,1194.5678500000001,3473.6448,2894.704,833.3333333333334,12841.619983333334,21288.890016666668,16311.69118333346,critical,2018-02
2018-02-19,29561.28,0.0,5481.35,1034.6448,4002.0588,3335.049,833.3333333333334,14686.435933333332,14874.844066666667,31186.53525000013,critical,2018-02
2018-02-20,33662.28,0.0,5921.9,1178.1798000000001,5082.362399999999,4235.302,833.3333333333334,17251.07753333333,16411.20246666667,47597.73771666677,critical,2018-02
2018-02-21,34518.14,0.0,5480.46,1208.1349,4510.6044,3758.8370000000004,833.3333333333334,15791.369633333334,18726.770366666664,66324.50808333344,warning,2018-02
2018-02-22,33301.79,0.0,5875.05,1165.56265,4443.6024,3703.002,833.3333333333334,16020.550383333333,17281.239616666666,83605.74770000012,warning,2018-02
2018-02-23,43953.04,0.0,4648.26,1538.3564000000001,3968.7551999999996,3307.2960000000003,833.3333333333334,14296.000933333335,29657.039066666664,113262.7867666668,healthy,2018-02
2018-02-24,34929.29,0.0,4018.82,1222.5251500000002,3387.48,2822.9,833.3333333333334,12285.058483333334,22644.231516666667,135907.01828333345,healthy,2018-02
2018-02-25,32172.74,0.0,5711.32,1126.0459,4171.8216,3476.518,833.3333333333334,15319.038833333334,16853.701166666666,152760.7194500001,healthy,2018-02
2018-02-26,32844.78,0.0,6329.51,1149.5673000000002,5995.7519999999995,4996.46,833.3333333333334,19304.622633333332,13540.157366666666,166300.87681666674,healthy,2018-02
2018-02-27,34629.659999999996,0.0,6789.78,1212.0381,5632.9428,4694.119000000001,833.3333333333334,19162.213233333332,15467.446766666664,181768.3235833334,healthy,2018-02
2018-02-28,39105.96,0.0,6742.2,1368.7086000000002,6266.7336,5222.278,833.3333333333334,20433.253533333333,18672.706466666667,200441.03005000006,healthy,2018-02
2018-03-01,51146.15,0.0,6491.28,1790.1152500000003,5504.7492,4587.291,833.3333333333334,19206.768783333333,31939.38121666667,232380.41126666672,healthy,2018-03
2018-03-02,50952.26,0.0,5597.07,1783.3291000000002,4484.8236,3737.353,833.3333333333334,16435.90903333333,34516.35096666667,266896.76223333343,healthy,2018-03
2018-03-03,45649.77,0.0,4937.43,1597.74195,3723.4428,3102.869,833.3333333333334,14194.817083333335,31454.95291666666,298351.71515000006,healthy,2018-03
2018-03-04,36805.57,0.0,4909.09,1288.19495,4482.12,3735.1000000000004,833.3333333333334,15247.838283333334,21557.731716666665,319909.4468666667,healthy,2018-03
2018-03-05,34752.7,0.0,7013.39,1216.3445,5355.6528,4463.044000000001,833.3333333333334,18881.764633333332,15870.935366666665,335780.3822333334,healthy,2018-03
2018-03-06,36608.04,0.0,6797.26,1281.2814,5516.5488,4597.124,833.3333333333334,19025.54753333333,17582.49246666667,353362.87470000004,healthy,2018-03
2018-03-07,41398.2,0.0,6333.2699999999995,1448.9370000000001,5096.5392,4247.116000000001,833.3333333333334,17959.19553333333,23439.004466666665,376801.87916666677,healthy,2018-03
2018-03-08,45026.64,0.0,5665.47,1575.9324000000001,4039.1832,3365.9860000000003,833.3333333333334,15479.904933333335,29546.735066666664,406348.6142333334,healthy,2018-03
2018-03-09,44152.65,0.0,5311.07,1545.3427500000003,4045.9787999999994,3371.649,833.3333333333334,15107.373883333332,29045.276116666668,435393.89035000006,healthy,2018-03
2018-03-10,40142.56,0.0,4582.85,1404.9896,3668.9592,3057.4660000000003,833.3333333333334,13547.598133333335,26594.961866666665,461988.85221666674,healthy,2018-03
2018-03-11,29058.2,0.0,5297.92,1017.0370000000001,4394.201999999999,3661.835,833.3333333333334,15204.327333333333,13853.872666666668,475842.72488333343,healthy,2018-03
2018-03-12,28834.58,0.0,5274.18,1009.2103000000002,4293.4596,3577.8830000000003,833.3333333333334,14988.066233333335,13846.513766666667,489689.2386500001,healthy,2018-03
2018-03-13,34973.9,0.0,6025.67,1224.0865000000001,4944.2496,4120.2080000000005,833.3333333333334,17147.547433333333,17826.35256666667,507515.59121666674,healthy,2018-03
2018-03-14,41795.71,0.0,4795.05,1462.84985,3398.8608,2832.384,833.3333333333334,13322.477983333334,28473.232016666665,535988.8232333334,healthy,2018-03
2018-03-15,34522.36,0.0,7088.67,1208.2826000000002,6162.6168,5135.514,833.3333333333334,20428.41673333333,14093.943266666669,550082.7665,healthy,2018-03
2018-03-16,41463.43,690281.454,5901.95,1451.2200500000001,4627.86,3856.55,833.3333333333334,706952.3673833334,-665488.9373833333,-115406.17088333331,insolvent,2018-03
2018-03-17,32316.06,0.0,3918.36,1131.0621,2880.0251999999996,2400.021,833.3333333333334,11162.801633333334,21153.25836666667,-94252.91251666669,insolvent,2018-03
2018-03-18,44806.87,0.0,4957.05,1568.2404500000002,4329.165599999999,3607.638,833.3333333333334,15295.427383333334,29511.442616666667,-64741.469900000026,insolvent,2018-03
2018-03-19,31443.39,0.0,7923.67,1100.51865,6305.1936,5254.328,833.3333333333334,21417.043583333332,10026.346416666667,-54715.12348333339,insolvent,2018-03
2018-03-20,31410.63,0.0,7105.2300000000005,1099.3720500000002,5104.4052,4253.671,833.3333333333334,18396.011583333337,13014.618416666664,-41700.50506666675,insolvent,2018-03
2018-03-21,41761.37,0.0,6704.57,1461.6479500000003,5555.28,4629.400000000001,833.3333333333334,19184.231283333334,22577.13871666667,-19123.366350000084,insolvent,2018-03
2018-03-22,52120.68,0.0,5870.38,1824.2238000000002,4438.7748,3698.9790000000003,833.3333333333334,16665.69093333333,35454.98906666667,16331.622716666607,critical,2018-03
2018-03-23,38702.87,0.0,4933.65,1354.6004500000001,4103.0532,3419.2110000000002,833.3333333333334,14643.847983333335,24059.02201666667,40390.64473333326,critical,2018-03
2018-03-24,43205.6,0.0,3923.65,1512.1960000000001,3325.3704,2771.142,833.3333333333334,12365.691733333335,30839.908266666665,71230.55299999996,warning,2018-03
2018-03-25,33180.2,0.0,4635.5,1161.307,3623.136,3019.28,833.3333333333334,13272.556333333334,19907.643666666663,91138.1966666666,warning,2018-03
2018-03-26,34046.82,0.0,6169.28,1191.6387000000002,5027.3268,4189.439,833.3333333333334,17411.017833333335,16635.802166666665,107773.99883333326,healthy,2018-03
2018-03-27,34469.13,0.0,5888.76,1206.41955,4874.239199999999,4061.866,833.3333333333334,16864.618083333335,17604.511916666663,125378.5107499999,healthy,2018-03
2018-03-28,34856.87,0.0,4665.18,1219.9904500000002,4121.8344,3434.8620000000005,833.3333333333334,14275.200183333336,20581.66981666667,145960.1805666666,healthy,2018-03
2018-03-29,42437.68,0.0,4611.22,1485.3188000000002,4014.5712000000003,3345.4760000000006,833.3333333333334,14289.919333333335,28147.760666666665,174107.94123333326,healthy,2018-03
2018-03-30,35027.88,0.0,4135.26,1225.9758,3128.2884,2606.907,833.3333333333334,11929.764533333333,23098.115466666663,197206.0566999999,healthy,2018-03
2018-03-31,30433.45,0.0,3849.44,1065.1707500000002,3486.3803999999996,2905.317,833.3333333333334,12139.641483333335,18293.808516666664,215499.86521666654,healthy,2018-03
2018-04-01,32865.29,0.0,4792.34,1150.2851500000002,4102.68,3418.9,833.3333333333334,14297.538483333334,18567.751516666667,234067.6167333332,healthy,2018-04
2018-04-02,26375.29,0.0,7601.7,923.1351500000001,5667.8292,4723.191000000001,833.3333333333334,19749.18868333333,6626.101316666671,240693.71804999988,healthy,2018-04
2018-04-03,33950.46,0.0,5824.0,1188.2661,5051.2716,4209.393,833.3333333333334,17106.264033333333,16844.195966666666,257537.91401666653,healthy,2018-04
2018-04-04,39955.36,0.0,5585.09,1398.4376000000002,5228.1384,4356.782,833.3333333333334,17401.781333333332,22553.578666666668,280091.4926833332,healthy,2018-04
2018-04-05,48010.62,0.0,6160.01,1680.3717000000001,5066.300399999999,4221.917,833.3333333333334,17961.93243333333,30048.68756666667,310140.18024999986,healthy,2018-04
2018-04-06,38720.44,0.0,4450.51,1355.2154000000003,3834.9564,3195.7970000000005,833.3333333333334,13669.812133333335,25050.62786666667,335190.8081166665,healthy,2018-04
2018-04-07,43190.07,0.0,3497.4900000000002,1511.65245,3481.7832,2901.4860000000003,833.3333333333334,12225.744983333336,30964.325016666662,366155.1331333332,healthy,2018-04
2018-04-08,38593.88,0.0,4413.83,1350.7858,3346.0332,2788.3610000000003,833.3333333333334,12732.343333333334,25861.536666666663,392016.66979999986,healthy,2018-04
2018-04-09,27043.29,0.0,6474.09,946.5151500000002,6693.9384,5578.282,833.3333333333334,20526.158883333334,6517.131116666667,398533.8009166665,healthy,2018-04
2018-04-10,33893.979999999996,0.0,4664.7,1186.2893,3904.2335999999996,3253.5280000000002,833.3333333333334,13842.084233333333,20051.89576666666,418585.6966833332,healthy,2018-04
2018-04-11,30630.82,0.0,6384.98,1072.0787,5568.713999999999,4640.595,833.3333333333334,18499.70103333333,12131.118966666669,430716.8156499999,healthy,2018-04
2018-04-12,57253.38,0.0,5827.81,2003.8683,4793.445599999999,3994.538,833.3333333333334,17452.99523333333,39800.38476666667,470517.2004166665,healthy,2018-04
2018-04-13,32964.27,0.0,5194.8,1153.74945,4180.2732,3483.561,833.3333333333334,14845.716983333334,18118.553016666665,488635.7534333332,healthy,2018-04
2018-04-14,45689.49,0.0,3552.17,1599.1321500000001,2687.7443999999996,2239.787,833.3333333333334,10912.166883333333,34777.32311666667,523413.0765499999,healthy,2018-04
2018-04-15,36039.09,0.0,6018.23,1261.36815,4367.9244,3639.9370000000004,833.3333333333334,16120.792883333334,19918.29711666666,543331.3736666666,healthy,2018-04
2018-04-16,29842.69,692763.9839999999,6932.75,1044.49415,5675.3976,4729.4980000000005,833.3333333333334,711979.4570833334,-682136.7670833335,-138805.3934166669,insolvent,2018-04
2018-04-17,26774.22,0.0,5920.94,937.0977000000001,5109.0024,4257.502,833.3333333333334,17057.875433333335,9716.344566666667,-129089.04885000025,insolvent,2018-04
2018-04-18,42340.47,0.0,6823.02,1481.9164500000002,5557.038,4630.865000000001,833.3333333333334,19326.172783333335,23014.297216666666,-106074.75163333362,insolvent,2018-04
2018-04-19,46542.45,0.0,6556.68,1628.98575,5956.4256,4963.688,833.3333333333334,19939.11268333333,26603.337316666668,-79471.41431666701,insolvent,2018-04
2018-04-20,44492.73,0.0,4297.15,1557.2455500000003,3909.8388,3258.1990000000005,833.3333333333334,13855.766683333335,30636.963316666668,-48834.45100000035,insolvent,2018-04
2018-04-21,46218.48,0.0,3499.55,1617.6468000000002,2695.9067999999997,2246.589,833.3333333333334,10893.025933333334,35325.45406666667,-13508.996933333692,insolvent,2018-04
2018-04-22,39073.84,0.0,4640.91,1367.5844,3839.0148,3199.179,833.3333333333334,13880.021533333334,25193.818466666664,11684.821533332986,critical,2018-04
2018-04-23,29111.59,0.0,6689.03,1018.9056500000002,5323.5948,4436.329000000001,833.3333333333334,18301.192783333332,10810.397216666668,22495.21874999965,critical,2018-04
2018-04-24,26515.65,0.0,6813.89,928.0477500000002,5983.2768,4986.064,833.3333333333334,19544.611883333335,6971.038116666667,29466.256866666314,critical,2018-04
2018-04-25,39645.48,0.0,6346.22,1387.5918000000001,5674.9632,4729.136,833.3333333333334,18971.244333333332,20674.23566666667,50140.49253333296,warning,2018-04
2018-04-26,43099.67,0.0,5213.05,1508.48845,4394.7132,3662.2610000000004,833.3333333333334,15611.845983333335,27487.824016666666,77628.31654999964,warning,2018-04
2018-04-27,47671.33,0.0,5962.72,1668.4965500000003,5597.278799999999,4664.399,833.3333333333334,18726.227683333334,28945.102316666667,106573.41886666632,healthy,2018-04
2018-04-28,47406.340000000004,0.0,3381.05,1659.2219000000002,3216.2351999999996,2680.196,833.3333333333334,11770.036433333335,35636.30356666667,142209.722433333,healthy,2018-04
2018-04-29,33563.87,0.0,3636.58,1174.7354500000001,2752.7135999999996,2293.928,833.3333333333334,10691.290383333333,22872.57961666667,165082.30204999965,healthy,2018-04
2018-04-30,45540.84,0.0,5310.95,1593.9294,4892.1312,4076.7760000000003,833.3333333333334,16707.11993333333,28833.720066666665,193916.0221166663,healthy,2018-04
2018-05-01,30314.489999999998,0.0,5258.4,1061.0071500000001,4587.852,3823.21,833.3333333333334,15563.802483333335,14750.687516666663,208666.70963333297,healthy,2018-05
2018-05-02,26643.75,0.0,6206.6,932.5312500000001,5371.7184,4476.432,833.3333333333334,17820.614983333333,8823.135016666667,217489.84464999964,healthy,2018-05
2018-05-03,39852.82,0.0,7077.95,1394.8487000000002,5949.3552,4957.796,833.3333333333334,20213.28323333333,19639.536766666668,237129.38141666632,healthy,2018-05
2018-05-04,41151.74,0.0,5763.17,1440.3109000000002,5459.2919999999995,4549.41,833.3333333333334,18045.516233333332,23106.223766666666,260235.60518333298,healthy,2018-05
2018-05-05,43991.57,0.0,4225.34,1539.70495,3870.2424,3225.202,833.3333333333334,13693.822683333334,30297.747316666668,290533.3524999997,healthy,2018-05
2018-05-06,44070.78,0.0,4415.69,1542.4773,3924.4727999999996,3270.3940000000002,833.3333333333334,13986.367433333333,30084.412566666666,320617.7650666663,healthy,2018-05
2018-05-07,42385.38,0.0,8133.07,1483.4883,7327.8048,6106.504000000001,833.3333333333334,23884.200433333335,18501.179566666662,339118.944633333,healthy,2018-05
2018-05-08,37791.57,0.0,6882.56,1322.70495,6545.1912,5454.326000000001,833.3333333333334,21038.115483333335,16753.454516666665,355872.39914999966,healthy,2018-05
2018-05-09,38809.27,0.0,7370.26,1358.32445,6111.7776,5093.148000000001,833.3333333333334,20766.843383333333,18042.426616666664,373914.8257666663,healthy,2018-05
2018-05-10,59397.14,0.0,7338.6,2078.8999000000003,6926.3099999999995,5771.925,833.3333333333334,22949.06823333333,36448.07176666667,410362.897533333,healthy,2018-05
2018-05-11,56743.76,0.0,5390.82,1986.0316000000003,5190.0012,4325.001,833.3333333333334,17725.187133333333,39018.57286666667,449381.47039999964,healthy,2018-05
2018-05-12,46874.75,0.0,5108.2300000000005,1640.6162500000003,4165.4856,3471.238,833.3333333333334,15218.903183333334,31655.846816666664,481037.3172166663,healthy,2018-05
2018-05-13,51469.06,0.0,4888.77,1801.4171000000001,4344.2748,3620.2290000000003,833.3333333333334,15488.024233333335,35981.03576666666,517018.352983333,healthy,2018-05
2018-05-14,44651.88,0.0,8351.5,1562.8158,7446.468,6205.39,833.3333333333334,24399.507133333333,20252.372866666665,537270.7258499997,healthy,2018-05
2018-05-15,41996.66,0.0,8364.95,1469.8831000000002,5920.7148,4933.929,833.3333333333334,21522.810233333334,20473.84976666667,557744.5756166663,healthy,2018-05
2018-05-16,38839.22,686894.568,8447.07,1359.3727000000001,7762.6644,6468.887000000001,833.3333333333334,711765.8954333332,-672926.6754333333,-115182.09981666692,insolvent,2018-05
2018-05-17,59800.04,0.0,4469.38,2093.0014,4310.4012,3592.001,833.3333333333334,15298.116933333335,44501.92306666667,-70680.17675000022,insolvent,2018-05
2018-05-18,46387.59,0.0,4808.26,1623.56565,4371.572399999999,3642.977,833.3333333333334,15279.708383333333,31107.881616666666,-39572.29513333354,insolvent,2018-05
2018-05-19,60513.76,0.0,3109.84,2117.9816,3382.9476,2819.123,833.3333333333334,12263.225533333334,48250.534466666664,8678.239333333098,critical,2018-05
2018-05-20,33072.32,0.0,3488.43,1157.5312000000001,2762.0375999999997,2301.698,833.3333333333334,10543.030133333334,22529.289866666666,31207.529199999757,critical,2018-05
2018-05-21,34176.54,0.0,4216.62,1196.1789,3533.6052,2944.6710000000003,833.3333333333334,12724.408433333334,21452.131566666667,52659.660766666406,warning,2018-05
2018-05-22,29911.9,0.0,4192.36,1046.9165,3811.3583999999996,3176.132,833.3333333333334,13060.100233333333,16851.79976666667,69511.46053333307,warning,2018-05
2018-05-23,31918.899999999998,0.0,2761.24,1117.1615,2431.4759999999997,2026.23,833.3333333333334,9169.440833333334,22749.459166666664,92260.91969999974,warning,2018-05
2018-05-24,26508.79,0.0,2201.41,927.8076500000001,2673.444,2227.8700000000003,833.3333333333334,8863.864983333335,17644.925016666668,109905.84471666638,healthy,2018-05
2018-05-25,23885.64,0.0,2248.45,835.9974000000001,2176.4844,1813.737,833.3333333333334,7908.002133333333,15977.637866666666,125883.48258333304,healthy,2018-05
2018-05-26,18949.99,0.0,2114.92,663.2496500000001,2029.6907999999999,1691.409,833.3333333333334,7332.602783333333,11617.38721666667,137500.8697999997,healthy,2018-05
2018-05-27,19886.04,0.0,2170.43,696.0114000000001,1763.2416,1469.3680000000002,833.3333333333334,6932.384333333333,12953.655666666667,150454.52546666638,healthy,2018-05
2018-05-28,16867.32,0.0,3412.52,590.3562000000001,3613.7988,3011.4990000000003,833.3333333333334,11461.507333333335,5405.812666666665,155860.33813333302,healthy,2018-05
2018-05-29,22162.63,0.0,3858.55,775.6920500000001,3532.9596,2944.1330000000003,833.3333333333334,11944.667983333335,10217.962016666666,166078.30014999968,healthy,2018-05
2018-05-30,20931.77,0.0,3315.08,732.6119500000001,2703.4883999999997,2252.907,833.3333333333334,9837.420683333334,11094.349316666667,177172.64946666633,healthy,2018-05
2018-05-31,30142.87,0.0,3045.24,1055.00045,3378.7824,2815.652,833.3333333333334,11128.008183333333,19014.861816666664,196187.511283333,healthy,2018-05
2018-06-01,22745.96,0.0,4983.75,796.1086,4474.086,3728.4050000000007,833.3333333333334,14815.682933333333,7930.277066666666,204117.7883499997,healthy,2018-06
2018-06-02,27415.81,0.0,3673.37,959.5533500000001,3472.7988,2893.9990000000003,833.3333333333334,11833.054483333333,15582.755516666668,219700.54386666638,healthy,2018-06
2018-06-03,25949.95,0.0,4408.24,908.2482500000001,3944.3891999999996,3286.991,833.3333333333334,13381.201783333334,12568.748216666667,232269.29208333307,healthy,2018-06
2018-06-04,34239.53,0.0,5704.0,1198.38355,4119.168,3432.6400000000003,833.3333333333334,15287.524883333333,18952.005116666667,251221.29719999974,healthy,2018-06
2018-06-05,33828.07,0.0,5392.36,1183.9824500000002,4332.714,3610.595,833.3333333333334,15352.984783333333,18475.085216666666,269696.38241666637,healthy,2018-06
2018-06-06,35802.94,0.0,6042.58,1253.1029,3861.2376,3217.6980000000003,833.3333333333334,15207.951833333334,20594.98816666667,290291.3705833331,healthy,2018-06
2018-06-07,30492.52,0.0,5655.9800000000005,1067.2382,5121.165599999999,4267.638,833.3333333333334,16945.35513333333,13547.16486666667,303838.53544999973,healthy,2018-06
2018-06-08,34457.8,0.0,4926.79,1206.0230000000001,3815.6639999999998,3179.7200000000003,833.3333333333334,13961.530333333334,20496.269666666667,324334.80511666636,healthy,2018-06
2018-06-09,34623.13,0.0,4708.69,1211.80955,4084.0535999999997,3403.378,833.3333333333334,14241.264483333334,20381.865516666665,344716.67063333304,healthy,2018-06
2018-06-10,40395.24,0.0,4764.35,1413.8334,3616.89,3014.0750000000003,833.3333333333334,13642.481733333334,26752.758266666664,371469.4288999997,healthy,2018-06
2018-06-11,30646.43,0.0,7643.58,1072.62505,6881.467199999999,5734.5560000000005,833.3333333333334,22165.561583333332,8480.868416666668,379950.2973166664,healthy,2018-06
2018-06-12,36678.75,0.0,6393.43,1283.7562500000001,5611.491599999999,4676.243,833.3333333333334,18798.254183333334,17880.495816666666,397830.7931333331,healthy,2018-06
2018-06-13,33770.52,0.0,6863.56,1181.9682,4931.0808,4109.2339999999995,833.3333333333334,17919.176333333333,15851.343666666664,413682.13679999975,healthy,2018-06
2018-06-14,55441.43,0.0,5202.61,1940.4500500000001,3924.8651999999997,3270.721,833.3333333333334,15171.979583333334,40269.45041666667,453951.5872166664,healthy,2018-06
2018-06-15,43611.91,0.0,4867.15,1526.4168500000003,3754.2852,3128.571,833.3333333333334,14109.756383333333,29502.15361666667,483453.74083333305,healthy,2018-06
2018-06-16,41668.11,612296.574,4384.03,1458.3838500000002,3480.0096,2900.0080000000003,833.3333333333334,625352.3387833334,-583684.2287833334,-100230.48795000033,insolvent,2018-06
2018-06-17,35029.55,0.0,3435.19,1226.0342500000002,2490.1824,2075.152,833.3333333333334,10059.891983333335,24969.658016666668,-75260.82993333368,insolvent,2018-06
2018-06-18,26122.02,0.0,6245.41,914.2707000000001,4888.497600000001,4073.7480000000005,833.3333333333334,16955.25963333333,9166.76036666667,-66094.06956666696,insolvent,2018-06
2018-06-19,34079.33,0.0,5359.31,1192.7765500000003,4779.1596,3982.6330000000003,833.3333333333334,16147.212483333335,17932.117516666665,-48161.95205000031,insolvent,2018-06
2018-06-20,28769.19,0.0,5528.52,1006.92165,4110.18,3425.15,833.3333333333334,14904.104983333335,13865.085016666664,-34296.867033333634,insolvent,2018-06
2018-06-21,35752.53,0.0,5598.41,1251.3385500000002,3996.2387999999996,3330.199,833.3333333333334,15009.519683333334,20743.010316666667,-13553.856716666953,insolvent,2018-06
2018-06-22,44868.02,0.0,3945.89,1570.3807,3450.378,2875.3150000000005,833.3333333333334,12675.297033333334,32192.72296666666,18638.86624999973,critical,2018-06
2018-06-23,28003.83,0.0,3669.57,980.1340500000001,2532.1908,2110.159,833.3333333333334,10125.387183333334,17878.44281666667,36517.30906666641,critical,2018-06
2018-06-24,29189.97,0.0,4988.0,1021.6489500000001,3514.9908,2929.159,833.3333333333334,13287.132083333334,15902.837916666667,52420.14698333305,warning,2018-06
2018-06-25,25697.649999999998,0.0,5697.78,899.41775,5009.196,4174.330000000001,833.3333333333334,16614.057083333333,9083.592916666665,61503.739899999695,warning,2018-06
2018-06-26,25894.26,0.0,6611.09,906.2991000000001,4472.865599999999,3727.388,833.3333333333334,16550.976033333332,9343.283966666666,70847.02386666636,warning,2018-06
2018-06-27,33503.42,0.0,6009.45,1172.6197,3900.7116,3250.5930000000003,833.3333333333334,15166.707633333335,18336.712366666663,89183.73623333301,warning,2018-06
2018-06-28,41601.18,0.0,6554.28,1456.0413,4648.9128,3874.0940000000005,833.3333333333334,17366.66143333333,24234.51856666667,113418.2547999997,healthy,2018-06
2018-06-29,35753.46,0.0,4617.18,1251.3711,3005.8392,2504.866,833.3333333333334,12212.589633333335,23540.870366666662,136959.12516666634,healthy,2018-06
2018-06-30,32841.58,0.0,3241.82,1149.4553,2234.6052,1862.171,833.3333333333334,9321.384833333334,23520.19516666667,160479.320333333,healthy,2018-06
2018-07-01,32597.14,0.0,4691.2300000000005,1140.8999000000001,3487.284,2906.07,833.3333333333334,13058.817233333335,19538.322766666664,180017.64309999964,healthy,2018-07
2018-07-02,24682.3,0.0,6241.21,863.8805000000001,3493.6092,2911.3410000000003,833.3333333333334,14343.374033333335,10338.925966666664,190356.5690666663,healthy,2018-07
2018-07-03,22895.9,0.0,5138.96,801.3565000000001,3763.3656,3136.1380000000004,833.3333333333334,13673.153433333335,9222.746566666667,199579.31563333294,healthy,2018-07
2018-07-04,29634.17,0.0,5905.88,1037.19595,4958.223599999999,4131.853,833.3333333333334,16866.48588333333,12767.684116666667,212346.9997499996,healthy,2018-07
2018-07-05,30239.14,0.0,5125.28,1058.3699000000001,4045.8755999999994,3371.563,833.3333333333334,14434.421833333334,15804.718166666666,228151.7179166663,healthy,2018-07
2018-07-06,32633.32,0.0,3103.13,1142.1662000000001,2653.0404,2210.8669999999997,833.3333333333334,9942.536933333335,22690.783066666663,250842.50098333295,healthy,2018-07
2018-07-07,39904.18,0.0,2200.68,1396.6463,1353.2687999999998,1127.724,833.3333333333334,6911.652433333333,32992.52756666667,283835.02854999964,healthy,2018-07
2018-07-08,28641.23,0.0,3086.3,1002.4430500000001,2075.3111999999996,1729.426,833.3333333333334,8726.813583333333,19914.416416666667,303749.4449666663,healthy,2018-07
2018-07-09,16116.57,0.0,3557.32,564.07995,2774.6603999999998,2312.217,833.3333333333334,10041.610683333334,6074.9593166666655,309824.404283333,healthy,2018-07
2018-07-10,14068.99,0.0,3522.2,492.41465000000005,2669.6124,2224.677,833.3333333333334,9742.237383333333,4326.752616666667,314151.15689999965,healthy,2018-07
2018-07-11,19011.62,0.0,3605.66,665.4067,2644.3992,2203.666,833.3333333333334,9952.465233333334,9059.154766666665,323210.3116666663,healthy,2018-07
2018-07-12,24441.95,0.0,3258.86,855.4682500000001,2754.0995999999996,2295.083,833.3333333333334,9996.844183333335,14445.105816666666,337655.41748333303,healthy,2018-07
2018-07-13,21566.28,0.0,4885.17,754.8198,3903.5267999999996,3252.9390000000003,833.3333333333334,13629.788933333333,7936.491066666666,345591.9085499997,healthy,2018-07
2018-07-14,26161.74,0.0,4149.56,915.6609000000002,3143.3124,2619.427,833.3333333333334,11661.293633333333,14500.446366666669,360092.35491666634,healthy,2018-07
2018-07-15,21293.25,0.0,4435.44,745.2637500000001,4131.9516,3443.293,833.3333333333334,13589.281683333335,7703.9683166666655,367796.323233333,healthy,2018-07
2018-07-16,38034.56,592038.498,6428.8,1331.2096000000001,4505.7744,3754.8120000000004,833.3333333333334,608892.4273333334,-570857.8673333335,-203061.54410000052,insolvent,2018-07
2018-07-17,34398.49,0.0,5296.89,1203.94715,4203.6456,3503.038,833.3333333333334,15040.854083333334,19357.635916666666,-183703.9081833338,insolvent,2018-07
2018-07-18,27734.57,0.0,7790.66,970.70995,5878.098,4898.415,833.3333333333334,20371.21628333333,7363.353716666668,-176340.55446666712,insolvent,2018-07
2018-07-19,34489.34,0.0,6205.66,1207.1269,5389.349999999999,4491.125,833.3333333333334,18126.59523333333,16362.744766666667,-159977.80970000045,insolvent,2018-07
2018-07-20,43252.2,0.0,6007.43,1513.827,4548.6744,3790.5620000000004,833.3333333333334,16693.826733333335,26558.373266666662,-133419.4364333338,insolvent,2018-07
2018-07-21,46246.16,0.0,4285.66,1618.6156000000003,3023.3075999999996,2519.4230000000002,833.3333333333334,12280.339533333334,33965.82046666667,-99453.61596666707,insolvent,2018-07
2018-07-22,34961.85,0.0,5053.64,1223.6647500000001,3721.4472,3101.206,833.3333333333334,13933.291283333334,21028.558716666666,-78425.05725000042,insolvent,2018-07
2018-07-23,35375.51,0.0,8011.23,1238.1428500000002,5737.41,4781.175,833.3333333333334,20601.29118333333,14774.218816666671,-63650.83843333379,insolvent,2018-07
2018-07-24,30427.18,0.0,6557.68,1064.9513000000002,5770.0128,4808.344,833.3333333333334,19034.321433333334,11392.858566666666,-52257.97986666707,insolvent,2018-07
2018-07-25,36394.81,0.0,7458.14,1273.81835,5739.6972,4783.081,833.3333333333334,20088.069883333334,16306.740116666664,-35951.239750000415,insolvent,2018-07
2018-07-26,55627.79,0.0,6459.07,1946.9726500000002,4958.7732,4132.311000000001,833.3333333333334,18330.460183333333,37297.329816666665,1346.0900666662492,critical,2018-07
2018-07-27,46825.95,0.0,4959.38,1638.90825,3999.7344000000003,3333.1120000000005,833.3333333333334,14764.467983333334,32061.48201666666,33407.572083332925,critical,2018-07
2018-07-28,39087.97,0.0,4855.0,1368.07895,3607.8143999999998,3006.512,833.3333333333334,13670.738683333335,25417.231316666664,58824.80339999957,warning,2018-07
2018-07-29,36408.94,0.0,4823.6,1274.3129000000001,4137.130799999999,3447.609,833.3333333333334,14515.986033333333,21892.953966666668,80717.75736666622,warning,2018-07
2018-07-30,33268.54,0.0,6593.97,1164.3989000000001,5335.288799999999,4446.074,833.3333333333334,18373.065033333332,14895.474966666668,95613.23233333288,warning,2018-07
2018-07-31,40280.17,0.0,0.0,1409.8059500000002,0.0,0.0,833.3333333333334,2243.1392833333334,38037.03071666667,133650.26304999954,healthy,2018-07
