date,inventory_payment,shipping_cost,processing_fee,marketing_expense,platform_fee,fixed_costs,total_outflows
2017-07-01,0.0,1987.25,0.0,2827.8,1413.9,1666.6666666666667,7895.616666666668
2017-07-02,0.0,2175.5099999999998,52.25185,2735.492,1367.746,1666.6666666666667,7997.666516666667
2017-07-03,0.0,2623.36,109.85660000000001,3840.7800000000007,1920.3900000000003,1666.6666666666667,10161.053266666668
2017-07-04,0.0,2456.4,578.01415,3588.128,1794.064,1666.6666666666667,10083.272816666666
2017-07-05,0.0,3311.85,530.16215,4768.974,2384.487,1666.6666666666667,12662.139816666668
2017-07-06,0.0,3477.39,708.0006500000001,5127.732,2563.866,1666.6666666666667,13543.655316666667
2017-07-07,0.0,2526.27,749.2247000000001,3152.828,1576.414,1666.6666666666667,9671.403366666667
2017-07-08,0.0,1690.21,800.90605,2379.414,1189.707,1666.6666666666667,7726.903716666668
2017-07-09,0.0,1845.15,702.87665,1983.146,991.573,1666.6666666666667,7189.412316666668
2017-07-10,0.0,3070.41,468.36230000000006,4079.4680000000003,2039.7340000000002,1666.6666666666667,11324.640966666666
2017-07-11,0.0,3617.2599999999998,558.8331000000001,4718.21,2359.105,1666.6666666666667,12920.074766666667
2017-07-12,0.0,3228.19,459.13945000000007,4457.64,2228.82,1666.6666666666667,12040.456116666666
2017-07-13,0.0,3437.72,686.9271500000001,3580.5460000000003,1790.2730000000001,1666.6666666666667,11162.132816666666
2017-07-14,0.0,3088.11,883.7976000000001,4366.652,2183.326,1666.6666666666667,12188.552266666667
2017-07-15,0.0,2197.5,749.6751500000001,2625.61,1312.805,1666.6666666666667,8552.256816666666
2017-07-16,519386.66099999996,2513.28,469.47355000000005,3108.168,1554.084,1666.6666666666667,528698.3332166666
2017-07-17,0.0,3808.57,677.3137,5072.912,2536.456,1666.6666666666667,13761.918366666667
2017-07-18,0.0,3948.13,483.70385000000005,6440.486000000001,3220.2430000000004,1666.6666666666667,15759.229516666666
2017-07-19,0.0,3148.65,774.1958000000001,3883.6120000000005,1941.8060000000003,1666.6666666666667,11414.930466666667
2017-07-20,0.0,3213.73,945.3199000000001,4237.582,2118.791,1666.6666666666667,12182.089566666667
2017-07-21,0.0,2288.49,998.8072500000001,2983.5060000000003,1491.7530000000002,1666.6666666666667,9429.222916666666
2017-07-22,0.0,1852.39,648.4415000000001,2655.84,1327.92,1666.6666666666667,8151.258166666667
2017-07-23,0.0,1888.11,649.8737000000001,2801.1440000000002,1400.5720000000001,1666.6666666666667,8406.366366666667
2017-07-24,0.0,3116.91,494.56155000000007,4260.126,2130.063,1666.6666666666667,11668.327216666667
2017-07-25,0.0,3010.68,575.4672000000002,3984.2000000000003,1992.1000000000001,1666.6666666666667,11229.113866666667
2017-07-26,0.0,2598.69,544.0337000000001,2717.348,1358.674,1666.6666666666667,8885.412366666667
2017-07-27,0.0,2936.17,680.68665,3700.2180000000003,1850.1090000000002,1666.6666666666667,10833.850316666667
2017-07-28,0.0,3233.14,628.8156,4655.26,2327.63,1666.6666666666667,12511.512266666667
2017-07-29,0.0,2364.18,506.0608000000001,3557.732,1778.866,1666.6666666666667,9873.505466666666
2017-07-30,0.0,2396.81,582.7881500000001,3068.338,1534.169,1666.6666666666667,9248.771816666665
2017-07-31,0.0,3139.5099999999998,741.0396000000001,4060.366,2030.183,1666.6666666666667,11637.765266666667
2017-08-01,0.0,3533.5099999999998,676.4733500000001,5030.716,2515.358,1666.6666666666667,13422.724016666665
2017-08-02,0.0,2912.69,657.9058500000001,4166.426,2083.213,1666.6666666666667,11486.901516666667
2017-08-03,0.0,3077.8,724.0250500000001,4412.682,2206.341,1666.6666666666667,12087.514716666667
2017-08-04,0.0,3257.7,896.2688,4264.064,2132.032,1666.6666666666667,12216.731466666666
2017-08-05,0.0,2509.59,719.2731000000001,2881.5660000000003,1440.7830000000001,1666.6666666666667,9217.878766666669
2017-08-06,0.0,2403.24,667.4731,3061.1440000000002,1530.5720000000001,1666.6666666666667,9329.095766666667
2017-08-07,0.0,3371.5,709.0401500000002,5325.868,2662.934,1666.6666666666667,13736.008816666666
2017-08-08,0.0,2865.92,702.4895500000001,4308.226000000001,2154.1130000000003,1666.6666666666667,11697.415216666666
2017-08-09,0.0,3244.0,625.086,4750.454000000001,2375.2270000000003,1666.6666666666667,12661.433666666668
2017-08-10,0.0,3330.54,775.1149,4639.218,2319.609,1666.6666666666667,12731.148566666665
2017-08-11,0.0,3173.08,888.0777500000002,4438.780000000001,2219.3900000000003,1666.6666666666667,12385.994416666666
2017-08-12,0.0,2086.99,834.2663000000001,2986.0080000000003,1493.0040000000001,1666.6666666666667,9066.934966666668
2017-08-13,0.0,2141.14,655.6833500000001,2881.0860000000002,1440.5430000000001,1666.6666666666667,8785.119016666666
2017-08-14,0.0,3347.79,735.4501000000001,4255.432,2127.716,1666.6666666666667,12133.054766666666
2017-08-15,0.0,4204.07,580.8698,5579.284000000001,2789.6420000000003,1666.6666666666667,14820.532466666666
2017-08-16,590954.472,3943.68,618.9788500000001,4945.604,2472.802,1666.6666666666667,604602.2035166667
2017-08-17,0.0,3365.94,698.36725,4340.81,2170.405,1666.6666666666667,12242.188916666666
2017-08-18,0.0,2893.86,901.2178,4005.174,2002.587,1666.6666666666667,11469.505466666666
2017-08-19,0.0,2189.52,958.2734000000002,3017.204,1508.602,1666.6666666666667,9340.266066666667
2017-08-20,0.0,2081.39,687.5946000000001,2991.034,1495.517,1666.6666666666667,8922.202266666665
2017-08-21,0.0,3780.8,549.0464000000001,5152.05,2576.025,1666.6666666666667,13724.588066666667
2017-08-22,0.0,3122.35,607.4162500000001,3949.8940000000002,1974.9470000000001,1666.6666666666667,11321.273916666667
2017-08-23,0.0,2720.18,593.4264000000001,3718.7580000000003,1859.3790000000001,1666.6666666666667,10558.410066666667
2017-08-24,0.0,2621.4,908.2045000000002,3218.882,1609.441,1666.6666666666667,10024.594166666668
2017-08-25,0.0,2192.08,702.3604,3372.1660000000006,1686.0830000000003,1666.6666666666667,9619.356066666667
2017-08-26,0.0,1912.96,637.1505000000001,2410.93,1205.465,1666.6666666666667,7833.172166666667
2017-08-27,0.0,2553.3,487.56925,3114.6400000000003,1557.3200000000002,1666.6666666666667,9379.495916666667
2017-08-28,0.0,3434.55,538.951,5099.414000000001,2549.7070000000003,1666.6666666666667,13289.288666666667
2017-08-29,0.0,3222.21,455.97790000000003,7291.74,3645.87,1666.6666666666667,16282.464566666664
2017-08-30,0.0,4018.66,705.6938000000001,6974.966,3487.483,1666.6666666666667,16853.46946666667
2017-08-31,0.0,3023.48,1044.22745,4738.996,2369.498,1666.6666666666667,12842.868116666667
2017-09-01,0.0,3843.55,1203.3868,6436.238,3218.119,1666.6666666666667,16367.960466666667
2017-09-02,0.0,2350.52,1057.2390500000001,4095.8360000000002,2047.9180000000001,1666.6666666666667,11218.179716666666
2017-09-03,0.0,3133.66,797.83235,6149.834,3074.917,1666.6666666666667,14822.910016666665
2017-09-04,0.0,3447.2400000000002,1063.9531000000002,5677.044000000001,2838.5220000000004,1666.6666666666667,14693.425766666669
2017-09-05,0.0,3534.65,834.37935,4867.058,2433.529,1666.6666666666667,13336.283016666666
2017-09-06,0.0,3169.48,1203.42215,5660.838,2830.419,1666.6666666666667,14530.825816666666
2017-09-07,0.0,2203.2599999999998,980.8708000000001,3819.352,1909.676,1666.6666666666667,10579.825466666665
2017-09-08,0.0,2590.42,801.6631000000001,2832.3740000000003,1416.1870000000001,1666.6666666666667,9307.310766666667
2017-09-09,0.0,2593.22,900.3095500000002,3536.2440000000006,1768.1220000000003,1666.6666666666667,10464.562216666667
2017-09-10,0.0,2994.39,641.6518500000001,4140.552000000001,2070.2760000000003,1666.6666666666667,11513.536516666667
2017-09-11,0.0,3589.66,414.18860000000006,5383.290000000001,2691.6450000000004,1666.6666666666667,13745.450266666667
2017-09-12,0.0,5091.21,741.2125000000001,6419.446,3209.723,1666.6666666666667,17128.258166666667
2017-09-13,0.0,4267.83,925.8452000000001,6320.240000000001,3160.1200000000003,1666.6666666666667,16340.701866666666
2017-09-14,0.0,3897.96,930.3248500000001,5239.966,2619.983,1666.6666666666667,14354.900516666667
2017-09-15,0.0,3133.34,971.8450000000001,4258.54,2129.27,1666.6666666666667,12159.661666666667
2017-09-16,641505.519,2842.65,1033.07085,4709.656,2354.828,1666.6666666666667,654112.3905166666
2017-09-17,0.0,2846.62,947.6785500000001,4565.2080000000005,2282.6040000000003,1666.6666666666667,12308.777216666667
2017-09-18,0.0,4028.5,736.4357000000001,6403.278,3201.639,1666.6666666666667,16036.519366666666
2017-09-19,0.0,3315.83,986.9674500000001,4626.06,2313.03,1666.6666666666667,12908.554116666666
2017-09-20,0.0,3877.96,910.5526500000001,5145.286,2572.643,1666.6666666666667,14173.108316666667
2017-09-21,0.0,3411.29,929.47225,4404.852,2202.426,1666.6666666666667,12614.706916666664
2017-09-22,0.0,2743.08,758.7335,3691.2400000000002,1845.6200000000001,1666.6666666666667,10705.340166666667
2017-09-23,0.0,1840.57,918.1095000000001,2326.616,1163.308,1666.6666666666667,7915.270166666667
2017-09-24,0.0,2450.47,680.5536500000001,3074.244,1537.122,1666.6666666666667,9409.056316666667
2017-09-25,0.0,2942.11,547.9166,4167.942,2083.971,1666.6666666666667,11408.606266666666
2017-09-26,0.0,3544.45,565.985,5029.292,2514.646,1666.6666666666667,13321.039666666666
2017-09-27,0.0,3436.31,584.76565,4816.646,2408.323,1666.6666666666667,12912.711316666666
2017-09-28,0.0,3068.18,733.8380000000001,5248.16,2624.08,1666.6666666666667,13340.924666666666
2017-09-29,0.0,2812.96,860.99125,6735.124000000001,3367.5620000000004,1666.6666666666667,15443.303916666668
2017-09-30,0.0,2096.13,774.04565,2776.326,1388.163,1666.6666666666667,8701.331316666667
2017-10-01,0.0,2998.46,834.8476500000002,4215.968,2107.984,1666.6666666666667,11823.926316666666
2017-10-02,0.0,3413.65,1187.54055,5035.66,2517.83,1666.6666666666667,13821.347216666665
2017-10-03,0.0,4270.55,545.6531500000001,6077.8240000000005,3038.9120000000003,1666.6666666666667,15599.605816666668
2017-10-04,0.0,3589.88,856.6120500000001,4957.516,2478.758,1666.6666666666667,13549.432716666666
2017-10-05,0.0,3585.02,940.9438500000001,5763.088,2881.544,1666.6666666666667,14837.262516666666
2017-10-06,0.0,2899.66,995.2589500000001,3984.8840000000005,1992.4420000000002,1666.6666666666667,11538.911616666668
2017-10-07,0.0,2301.89,779.8161,3468.578,1734.289,1666.6666666666667,9951.239766666666
2017-10-08,0.0,2885.08,933.6908000000001,3884.818,1942.409,1666.6666666666667,11312.664466666667
2017-10-09,0.0,4573.84,670.15795,6695.222000000001,3347.6110000000003,1666.6666666666667,16953.497616666667
2017-10-10,0.0,3633.73,853.5978500000001,6334.892,3167.446,1666.6666666666667,15656.332516666665
2017-10-11,0.0,3200.72,849.10595,4936.638,2468.319,1666.6666666666667,13121.449616666665
2017-10-12,0.0,3388.25,937.50405,4352.8460000000005,2176.4230000000002,1666.6666666666667,12521.689716666668
2017-10-13,0.0,3465.32,994.5187000000001,5141.56,2570.78,1666.6666666666667,13838.845366666668
2017-10-14,0.0,2640.5299999999997,953.71605,3226.2960000000003,1613.1480000000001,1666.6666666666667,10100.356716666667
2017-10-15,0.0,2498.99,783.8264000000001,4219.41,2109.705,1666.6666666666667,11278.598066666666
2017-10-16,684135.153,4448.76,761.6343,6975.330000000001,3487.6650000000004,1666.6666666666667,701475.2089666667
2017-10-17,0.0,4962.96,690.4905,6870.146000000001,3435.0730000000003,1666.6666666666667,17625.336166666668
2017-10-18,0.0,4244.07,861.6258000000001,6300.376,3150.188,1666.6666666666667,16222.926466666666
2017-10-19,0.0,3674.17,1120.46655,5374.576000000001,2687.2880000000005,1666.6666666666667,14523.167216666667
2017-10-20,0.0,2928.1,1212.33945,4294.280000000001,2147.1400000000003,1666.6666666666667,12248.526116666666
2017-10-21,0.0,2536.18,1066.70585,3420.364,1710.182,1666.6666666666667,10400.098516666667
2017-10-22,0.0,3435.83,908.89225,4634.298000000001,2317.1490000000003,1666.6666666666667,12962.835916666669
2017-10-23,0.0,3514.84,709.0405000000001,5096.3640000000005,2548.1820000000002,1666.6666666666667,13535.093166666667
2017-10-24,0.0,3659.61,638.0066,5142.318,2571.159,1666.6666666666667,13677.760266666666
2017-10-25,0.0,3224.5299999999997,1045.55535,4146.318,2073.159,1666.6666666666667,12156.229016666666
2017-10-26,0.0,3726.55,773.39535,5115.668000000001,2557.8340000000003,1666.6666666666667,13840.114016666666
2017-10-27,0.0,2774.87,737.10105,4631.612,2315.806,1666.6666666666667,12126.055716666666
2017-10-28,0.0,2438.87,799.2365500000002,3784.496,1892.248,1666.6666666666667,10581.517216666665
2017-10-29,0.0,2999.57,816.3106,4011.0340000000006,2005.5170000000003,1666.6666666666667,11499.098266666668
2017-10-30,0.0,3038.68,771.6779,4568.336,2284.168,1666.6666666666667,12329.528566666666
2017-10-31,0.0,3033.53,770.8501500000001,5369.318,2684.659,1666.6666666666667,13525.023816666666
2017-11-01,0.0,2683.38,703.3936,4413.392,2206.696,1666.6666666666667,11673.528266666666
2017-11-02,0.0,2777.28,884.8605500000001,4788.22,2394.11,1666.6666666666667,12511.137216666668
2017-11-03,0.0,3192.1,882.8130500000001,5207.216,2603.608,1666.6666666666667,13552.403716666666
2017-11-04,0.0,3097.54,644.81795,4446.562000000001,2223.2810000000004,1666.6666666666667,12078.867616666668
2017-11-05,0.0,3530.05,921.97035,3994.936,1997.468,1666.6666666666667,12111.091016666667
2017-11-06,0.0,4460.62,951.1169500000001,6460.714,3230.357,1666.6666666666667,16769.474616666666
2017-11-07,0.0,3733.95,968.28795,4719.5160000000005,2359.7580000000003,1666.6666666666667,13448.178616666666
2017-11-08,0.0,3988.7999999999997,626.5595000000001,4636.666,2318.333,1666.6666666666667,13237.025166666666
2017-11-09,0.0,3800.25,941.8461500000001,5688.124,2844.062,1666.6666666666667,14940.948816666667
2017-11-10,0.0,3273.08,964.0295000000001,4459.388,2229.694,1666.6666666666667,12592.858166666667
2017-11-11,0.0,3370.99,821.1784000000001,5314.814,2657.407,1666.6666666666667,13831.056066666666
2017-11-12,0.0,3413.72,954.9879500000001,5200.396000000001,2600.1980000000003,1666.6666666666667,13835.968616666667
2017-11-13,0.0,4886.7,686.1120000000001,5812.006,2906.003,1666.6666666666667,15957.487666666666
2017-11-14,0.0,4229.22,982.0681500000001,6186.504000000001,3093.2520000000004,1666.6666666666667,16157.710816666668
2017-11-15,0.0,3771.46,1094.7083000000002,5339.974,2669.987,1666.6666666666667,14542.795966666667
2017-11-16,1050529.5269999998,4649.27,972.4918000000001,6583.616000000001,3291.8080000000004,1666.6666666666667,1067693.3794666664
2017-11-17,0.0,4968.0,1121.4525,6828.834,3414.417,1666.6666666666667,17999.370166666668
2017-11-18,0.0,3960.35,1002.3958000000001,5437.030000000001,2718.5150000000003,1666.6666666666667,14784.957466666665
2017-11-19,0.0,3357.05,940.54345,4662.5199999999995,2331.2599999999998,1666.6666666666667,12958.040116666667
2017-11-20,0.0,5730.06,1068.6728500000002,9931.934000000001,4965.967000000001,1666.6666666666667,23363.30051666667
2017-11-21,0.0,4922.41,1119.34725,7731.256,3865.628,1666.6666666666667,19305.30791666667
2017-11-22,0.0,4969.35,1039.57105,5929.562000000001,2964.7810000000004,1666.6666666666667,16569.93071666667
2017-11-23,0.0,6758.22,1623.3728000000003,10064.426,5032.213,1666.6666666666667,25144.898466666666
2017-11-24,0.0,25632.920000000002,1306.7309500000001,35496.648,17748.324,1666.6666666666667,81851.28961666668
2017-11-25,0.0,10878.81,1966.8085500000002,14272.882000000001,7136.441000000001,1666.6666666666667,35921.60821666667
2017-11-26,0.0,8226.28,1825.3774,10616.102,5308.051,1666.6666666666667,27642.47706666667
2017-11-27,0.0,8707.88,5282.27735,11292.534,5646.267,1666.6666666666667,32595.62501666667
2017-11-28,0.0,8343.8,2555.7336000000005,11230.272,5615.136,1666.6666666666667,29411.608266666666
2017-11-29,0.0,7184.36,2039.3093000000003,9394.354,4697.177,1666.6666666666667,24981.86696666667
2017-11-30,0.0,5282.63,2007.3039,7310.608,3655.304,1666.6666666666667,19922.512566666668
2017-12-01,0.0,5969.04,1788.3733,9076.210000000001,4538.1050000000005,1666.6666666666667,23038.394966666667
2017-12-02,0.0,4486.84,1526.4809,7085.116000000001,3542.5580000000004,1666.6666666666667,18307.66156666667
2017-12-03,0.0,4927.14,1228.0180500000001,6813.942,3406.971,1666.6666666666667,18042.737716666667
2017-12-04,0.0,6707.25,1610.4091500000002,10454.118,5227.059,1666.6666666666667,25665.50281666667
2017-12-05,0.0,5928.05,1478.0829,7912.084,3956.042,1666.6666666666667,20940.92556666667
2017-12-06,0.0,6291.4800000000005,1244.38965,9098.048,4549.024,1666.6666666666667,22849.608316666672
2017-12-07,0.0,4848.71,1719.7719,6559.096000000001,3279.5480000000007,1666.6666666666667,18073.792566666667
2017-12-08,0.0,4468.09,1303.5186500000002,6741.310000000001,3370.6550000000007,1666.6666666666667,17550.24031666667
2017-12-09,0.0,3612.48,1537.2105000000001,4727.904,2363.952,1666.6666666666667,13908.213166666666
2017-12-10,0.0,3811.55,971.1352000000002,5566.128000000001,2783.0640000000003,1666.6666666666667,14798.543866666667
2017-12-11,0.0,5351.48,1116.4093500000001,7785.394,3892.697,1666.6666666666667,19812.647016666666
2017-12-12,0.0,5044.61,1013.43235,7621.5160000000005,3810.7580000000003,1666.6666666666667,19156.98301666667
2017-12-13,0.0,4763.29,947.1623000000001,6825.444,3412.722,1666.6666666666667,17615.284966666666
2017-12-14,0.0,4294.64,1378.80365,5916.174,2958.087,1666.6666666666667,16214.371316666666
2017-12-15,0.0,4032.85,1430.5746000000001,6230.034000000001,3115.0170000000003,1666.6666666666667,16475.14226666667
2017-12-16,767524.788,2590.28,1052.2897000000003,4548.330000000001,2274.1650000000004,1666.6666666666667,779656.5193666666
2017-12-17,0.0,2777.2400000000002,888.1425,4391.95,2195.975,1666.6666666666667,11919.974166666667
2017-12-18,0.0,4648.5,1014.20725,6762.780000000001,3381.3900000000003,1666.6666666666667,17473.54391666667
2017-12-19,0.0,3512.3,1025.0121000000001,4826.902,2413.451,1666.6666666666667,13444.331766666668
2017-12-20,0.0,3919.88,851.52095,6158.484,3079.242,1666.6666666666667,15675.793616666666
2017-12-21,0.0,2906.42,1195.0841000000003,4249.488,2124.744,1666.6666666666667,12142.402766666666
2017-12-22,0.0,2260.89,752.17345,3436.56,1718.28,1666.6666666666667,9834.570116666666
2017-12-23,0.0,2363.4,958.9489000000001,2839.764,1419.882,1666.6666666666667,9248.661566666666
2017-12-24,0.0,1053.67,675.0100000000001,1330.738,665.369,1666.6666666666667,5391.453666666667
2017-12-25,0.0,2267.63,497.02135000000004,2479.614,1239.807,1666.6666666666667,8150.739016666666
2017-12-26,0.0,3199.33,451.09155000000004,4656.156,2328.078,1666.6666666666667,12301.322216666666
2017-12-27,0.0,3327.11,365.70765,4205.5019999999995,2102.7509999999997,1666.6666666666667,11667.737316666666
2017-12-28,0.0,2698.91,518.91735,3471.7000000000003,1735.8500000000001,1666.6666666666667,10092.044016666667
2017-12-29,0.0,2707.27,715.9446000000002,3724.018,1862.009,1666.6666666666667,10675.908266666667
2017-12-30,0.0,2146.84,774.47055,3040.32,1520.16,1666.6666666666667,9148.457216666666
2017-12-31,0.0,1490.33,588.8620500000001,2026.2400000000002,1013.1200000000001,1666.6666666666667,6785.218716666667
2018-01-01,0.0,1427.36,545.5128000000001,1661.4720000000002,830.7360000000001,1666.6666666666667,6131.747466666668
2018-01-02,0.0,4095.5099999999998,524.8575500000001,5882.102000000001,2941.0510000000004,1666.6666666666667,15110.187216666667
2018-01-03,0.0,4824.24,445.07435000000004,7182.214,3591.107,1666.6666666666667,17709.30201666667
2018-01-04,0.0,5022.33,511.72870000000006,7876.59,3938.295,1666.6666666666667,19015.610366666668
2018-01-05,0.0,4402.6,1212.8746,6240.8460000000005,3120.4230000000002,1666.6666666666667,16643.41026666667
2018-01-06,0.0,4971.61,1191.9467000000002,6516.256,3258.128,1666.6666666666667,17604.607366666667
2018-01-07,0.0,4485.11,1317.1459,6783.624000000001,3391.8120000000004,1666.6666666666667,17644.358566666666
2018-01-08,0.0,6454.25,1052.1675500000001,9035.244,4517.622,1666.6666666666667,22725.950216666668
2018-01-09,0.0,5138.63,1210.5107,7056.639999999999,3528.3199999999997,1666.6666666666667,18600.767366666667
2018-01-10,0.0,6326.73,1287.4491000000003,8915.074,4457.537,1666.6666666666667,22653.45676666667
2018-01-11,0.0,6244.24,1601.9619000000002,9239.702000000001,4619.851000000001,1666.6666666666667,23372.421566666668
2018-01-12,0.0,5944.03,1485.4833,7386.592000000001,3693.2960000000003,1666.6666666666667,20176.067966666666
2018-01-13,0.0,4571.98,1398.82085,6500.9220000000005,3250.4610000000002,1666.6666666666667,17388.85051666667
2018-01-14,0.0,4356.2,1318.3187500000001,7012.810000000001,3506.4050000000007,1666.6666666666667,17860.400416666667
2018-01-15,0.0,6444.49,1270.8633,8856.800000000001,4428.400000000001,1666.6666666666667,22667.21996666667
2018-01-16,988191.8640000001,6856.8,1237.9185,10225.858,5112.929,1666.6666666666667,1013292.0361666668
2018-01-17,0.0,6039.03,1511.8054000000002,8394.748,4197.374,1666.6666666666667,21809.624066666667
2018-01-18,0.0,4984.62,1391.44075,6553.058000000001,3276.5290000000005,1666.6666666666667,17872.314416666668
2018-01-19,0.0,5254.01,1657.8114000000003,6953.010000000001,3476.5050000000006,1666.6666666666667,19008.00306666667
2018-01-20,0.0,4529.28,1427.16455,5354.126,2677.063,1666.6666666666667,15654.300216666667
2018-01-21,0.0,4047.35,1062.7606500000002,5556.68,2778.34,1666.6666666666667,15111.797316666667
2018-01-22,0.0,6203.17,1121.6156,8643.122000000001,4321.561000000001,1666.6666666666667,21956.13526666667
2018-01-23,0.0,5501.37,1029.15855,7966.580000000001,3983.2900000000004,1666.6666666666667,20147.06521666667
2018-01-24,0.0,5113.56,1111.9325000000001,7296.103999999999,3648.0519999999997,1666.6666666666667,18836.315166666667
2018-01-25,0.0,5022.83,1506.1830000000002,6946.85,3473.425,1666.6666666666667,18615.95466666667
2018-01-26,0.0,5207.5199999999995,1406.8131000000003,7799.536,3899.768,1666.6666666666667,19980.303766666668
2018-01-27,0.0,3020.0099999999998,1174.2542000000003,4913.724,2456.862,1666.6666666666667,13231.516866666667
2018-01-28,0.0,3322.4,1136.5599000000002,5407.626,2703.813,1666.6666666666667,14237.065566666666
2018-01-29,0.0,5434.46,1370.66825,7091.416000000001,3545.7080000000005,1666.6666666666667,19108.91891666667
2018-01-30,0.0,5597.62,929.0620500000001,6889.853999999999,3444.9269999999997,1666.6666666666667,18528.129716666666
2018-01-31,0.0,4967.98,1089.1076,7459.012,3729.506,1666.6666666666667,18912.272266666667
2018-02-01,0.0,5318.49,1156.3489000000002,7067.084,3533.542,1666.6666666666667,18742.131566666667
2018-02-02,0.0,4728.82,1140.91355,6471.46,3235.73,1666.6666666666667,17243.590216666667
2018-02-03,0.0,4082.17,1337.42595,5433.678,2716.839,1666.6666666666667,15236.779616666665
2018-02-04,0.0,4181.48,1163.6821,5584.860000000001,2792.4300000000003,1666.6666666666667,15389.118766666666
2018-02-05,0.0,5740.58,1013.1985500000001,8521.366,4260.683,1666.6666666666667,21202.49421666667
2018-02-06,0.0,5690.52,1043.3836000000001,7919.960000000001,3959.9800000000005,1666.6666666666667,20280.510266666668
2018-02-07,0.0,4981.1,1244.0757,7221.888000000001,3610.9440000000004,1666.6666666666667,18724.67436666667
2018-02-08,0.0,4452.68,1494.7086000000002,6306.262000000001,3153.1310000000003,1666.6666666666667,17073.44826666667
2018-02-09,0.0,4056.43,1274.2488500000002,6928.774000000001,3464.3870000000006,1666.6666666666667,17390.506516666668
2018-02-10,0.0,3753.09,1280.1001500000002,4868.416,2434.208,1666.6666666666667,14002.480816666666
2018-02-11,0.0,3407.64,1001.0301000000001,5155.636,2577.818,1666.6666666666667,13808.790766666667
2018-02-12,0.0,4281.13,1004.4870500000002,5513.858,2756.929,1666.6666666666667,15223.070716666667
2018-02-13,0.0,4432.28,876.55785,5581.188,2790.594,1666.6666666666667,15347.286516666665
2018-02-14,0.0,6185.33,938.4662000000001,8618.856,4309.428,1666.6666666666667,21718.74686666667
2018-02-15,0.0,5565.49,1159.9595,7508.942,3754.471,1666.6666666666667,19655.529166666667
2018-02-16,880951.923,4763.63,1146.5398,6317.088,3158.544,1666.6666666666667,898004.3914666666
2018-02-17,0.0,4432.76,1340.54375,5854.848000000001,2927.4240000000004,1666.6666666666667,16222.242416666668
2018-02-18,0.0,4445.37,1194.5678500000001,5789.408,2894.704,1666.6666666666667,15990.716516666667
2018-02-19,0.0,5481.35,1034.6448,6670.098,3335.049,1666.6666666666667,18187.80846666667
2018-02-20,0.0,5921.9,1178.1798000000001,8470.604,4235.302,1666.6666666666667,21472.652466666666
2018-02-21,0.0,5480.46,1208.1349,7517.674000000001,3758.8370000000004,1666.6666666666667,19631.77256666667
2018-02-22,0.0,5875.05,1165.56265,7406.004,3703.002,1666.6666666666667,19816.28531666667
2018-02-23,0.0,4648.26,1538.3564000000001,6614.592000000001,3307.2960000000003,1666.6666666666667,17775.17106666667
2018-02-24,0.0,4018.82,1222.5251500000002,5645.8,2822.9,1666.6666666666667,15376.711816666666
2018-02-25,0.0,5711.32,1126.0459,6953.036,3476.518,1666.6666666666667,18933.58656666667
2018-02-26,0.0,6329.51,1149.5673000000002,9992.92,4996.46,1666.6666666666667,24135.12396666667
2018-02-27,0.0,6789.78,1212.0381,9388.238000000001,4694.119000000001,1666.6666666666667,23750.84176666667
2018-02-28,0.0,6742.2,1368.7086000000002,10444.556,5222.278,1666.6666666666667,25444.409266666666
2018-03-01,0.0,6491.28,1790.1152500000003,9174.582,4587.291,1666.6666666666667,23709.93491666667
2018-03-02,0.0,5597.07,1783.3291000000002,7474.706,3737.353,1666.6666666666667,20259.124766666668
2018-03-03,0.0,4937.43,1597.74195,6205.738,3102.869,1666.6666666666667,17510.445616666668
2018-03-04,0.0,4909.09,1288.19495,7470.200000000001,3735.1000000000004,1666.6666666666667,19069.251616666672
2018-03-05,0.0,7013.39,1216.3445,8926.088000000002,4463.044000000001,1666.6666666666667,23285.53316666667
2018-03-06,0.0,6797.26,1281.2814,9194.248,4597.124,1666.6666666666667,23536.58006666667
2018-03-07,0.0,6333.2699999999995,1448.9370000000001,8494.232000000002,4247.116000000001,1666.6666666666667,22190.22166666667
2018-03-08,0.0,5665.47,1575.9324000000001,6731.972000000001,3365.9860000000003,1666.6666666666667,19006.02706666667
2018-03-09,0.0,5311.07,1545.3427500000003,6743.298,3371.649,1666.6666666666667,18638.026416666668
2018-03-10,0.0,4582.85,1404.9896,6114.932000000001,3057.4660000000003,1666.6666666666667,16826.90426666667
2018-03-11,0.0,5297.92,1017.0370000000001,7323.67,3661.835,1666.6666666666667,18967.128666666667
2018-03-12,0.0,5274.18,1009.2103000000002,7155.7660000000005,3577.8830000000003,1666.6666666666667,18683.705966666672
2018-03-13,0.0,6025.67,1224.0865000000001,8240.416000000001,4120.2080000000005,1666.6666666666667,21277.047166666667
2018-03-14,0.0,4795.05,1462.84985,5664.768,2832.384,1666.6666666666667,16421.718516666668
2018-03-15,0.0,7088.67,1208.2826000000002,10271.028,5135.514,1666.6666666666667,25370.16126666667
2018-03-16,1035422.1810000001,5901.95,1451.2200500000001,7713.1,3856.55,1666.6666666666667,1056011.6677166668
2018-03-17,0.0,3918.36,1131.0621,4800.042,2400.021,1666.6666666666667,13916.151766666668
2018-03-18,0.0,4957.05,1568.2404500000002,7215.276,3607.638,1666.6666666666667,19014.87111666667
2018-03-19,0.0,7923.67,1100.51865,10508.656,5254.328,1666.6666666666667,26453.83931666667
2018-03-20,0.0,7105.2300000000005,1099.3720500000002,8507.342,4253.671,1666.6666666666667,22632.28171666667
2018-03-21,0.0,6704.57,1461.6479500000003,9258.800000000001,4629.400000000001,1666.6666666666667,23721.08461666667
2018-03-22,0.0,5870.38,1824.2238000000002,7397.9580000000005,3698.9790000000003,1666.6666666666667,20458.20746666667
2018-03-23,0.0,4933.65,1354.6004500000001,6838.4220000000005,3419.2110000000002,1666.6666666666667,18212.55011666667
2018-03-24,0.0,3923.65,1512.1960000000001,5542.284,2771.142,1666.6666666666667,15415.938666666667
2018-03-25,0.0,4635.5,1161.307,6038.56,3019.28,1666.6666666666667,16521.31366666667
2018-03-26,0.0,6169.28,1191.6387000000002,8378.878,4189.439,1666.6666666666667,21595.90236666667
2018-03-27,0.0,5888.76,1206.41955,8123.732,4061.866,1666.6666666666667,20947.444216666667
2018-03-28,0.0,4665.18,1219.9904500000002,6869.724000000001,3434.8620000000005,1666.6666666666667,17856.42311666667
2018-03-29,0.0,4611.22,1485.3188000000002,6690.952000000001,3345.4760000000006,1666.6666666666667,17799.63346666667
2018-03-30,0.0,4135.26,1225.9758,5213.814,2606.907,1666.6666666666667,14848.623466666666
2018-03-31,0.0,3849.44,1065.1707500000002,5810.634,2905.317,1666.6666666666667,15297.228416666667
2018-04-01,0.0,4792.34,1150.2851500000002,6837.8,3418.9,1666.6666666666667,17865.991816666665
2018-04-02,0.0,7601.7,923.1351500000001,9446.382000000001,4723.191000000001,1666.6666666666667,24361.07481666667
2018-04-03,0.0,5824.0,1188.2661,8418.786,4209.393,1666.6666666666667,21307.11176666667
2018-04-04,0.0,5585.09,1398.4376000000002,8713.564,4356.782,1666.6666666666667,21720.540266666667
2018-04-05,0.0,6160.01,1680.3717000000001,8443.834,4221.917,1666.6666666666667,22172.79936666667
2018-04-06,0.0,4450.51,1355.2154000000003,6391.594000000001,3195.7970000000005,1666.6666666666667,17059.783066666667
2018-04-07,0.0,3497.4900000000002,1511.65245,5802.972000000001,2901.4860000000003,1666.6666666666667,15380.267116666668
2018-04-08,0.0,4413.83,1350.7858,5576.722000000001,2788.3610000000003,1666.6666666666667,15796.365466666668
2018-04-09,0.0,6474.09,946.5151500000002,11156.564,5578.282,1666.6666666666667,25822.11781666667
2018-04-10,0.0,4664.7,1186.2893,6507.0560000000005,3253.5280000000002,1666.6666666666667,17278.239966666668
2018-04-11,0.0,6384.98,1072.0787,9281.19,4640.595,1666.6666666666667,23045.51036666667
2018-04-12,0.0,5827.81,2003.8683,7989.076,3994.538,1666.6666666666667,21481.95896666667
2018-04-13,0.0,5194.8,1153.74945,6967.122,3483.561,1666.6666666666667,18465.89911666667
2018-04-14,0.0,3552.17,1599.1321500000001,4479.574,2239.787,1666.6666666666667,13537.329816666666
2018-04-15,0.0,6018.23,1261.36815,7279.874000000001,3639.9370000000004,1666.6666666666667,19866.07581666667
2018-04-16,1039145.9759999999,6932.75,1044.49415,9458.996000000001,4729.4980000000005,1666.6666666666667,1062978.3808166666
2018-04-17,0.0,5920.94,937.0977000000001,8515.004,4257.502,1666.6666666666667,21297.21036666667
2018-04-18,0.0,6823.02,1481.9164500000002,9261.730000000001,4630.865000000001,1666.6666666666667,23864.198116666674
2018-04-19,0.0,6556.68,1628.98575,9927.376,4963.688,1666.6666666666667,24743.396416666666
2018-04-20,0.0,4297.15,1557.2455500000003,6516.398000000001,3258.1990000000005,1666.6666666666667,17295.65921666667
2018-04-21,0.0,3499.55,1617.6468000000002,4493.178,2246.589,1666.6666666666667,13523.630466666667
2018-04-22,0.0,4640.91,1367.5844,6398.358,3199.179,1666.6666666666667,17272.698066666668
2018-04-23,0.0,6689.03,1018.9056500000002,8872.658000000001,4436.329000000001,1666.6666666666667,22683.589316666672
2018-04-24,0.0,6813.89,928.0477500000002,9972.128,4986.064,1666.6666666666667,24366.796416666668
2018-04-25,0.0,6346.22,1387.5918000000001,9458.272,4729.136,1666.6666666666667,23587.886466666667
2018-04-26,0.0,5213.05,1508.48845,7324.522000000001,3662.2610000000004,1666.6666666666667,19374.98811666667
2018-04-27,0.0,5962.72,1668.4965500000003,9328.798,4664.399,1666.6666666666667,23291.08021666667
2018-04-28,0.0,3381.05,1659.2219000000002,5360.392,2680.196,1666.6666666666667,14747.526566666666
2018-04-29,0.0,3636.58,1174.7354500000001,4587.856,2293.928,1666.6666666666667,13359.766116666666
2018-04-30,0.0,5310.95,1593.9294,8153.552000000001,4076.7760000000003,1666.6666666666667,20801.87406666667
2018-05-01,0.0,5258.4,1061.0071500000001,7646.42,3823.21,1666.6666666666667,19455.703816666668
2018-05-02,0.0,6206.6,932.5312500000001,8952.864,4476.432,1666.6666666666667,22235.09391666667
2018-05-03,0.0,7077.95,1394.8487000000002,9915.592,4957.796,1666.6666666666667,25012.853366666666
2018-05-04,0.0,5763.17,1440.3109000000002,9098.82,4549.41,1666.6666666666667,22518.377566666666
2018-05-05,0.0,4225.34,1539.70495,6450.404,3225.202,1666.6666666666667,17107.31761666667
2018-05-06,0.0,4415.69,1542.4773,6540.7880000000005,3270.3940000000002,1666.6666666666667,17436.015966666666
2018-05-07,0.0,8133.07,1483.4883,12213.008000000002,6106.504000000001,1666.6666666666667,29602.73696666667
2018-05-08,0.0,6882.56,1322.70495,10908.652000000002,5454.326000000001,1666.6666666666667,26234.90961666667
2018-05-09,0.0,7370.26,1358.32445,10186.296000000002,5093.148000000001,1666.6666666666667,25674.695116666673
2018-05-10,0.0,7338.6,2078.8999000000003,11543.85,5771.925,1666.6666666666667,28399.94156666667
2018-05-11,0.0,5390.82,1986.0316000000003,8650.002,4325.001,1666.6666666666667,22018.521266666667
2018-05-12,0.0,5108.2300000000005,1640.6162500000003,6942.476,3471.238,1666.6666666666667,18829.22691666667
2018-05-13,0.0,4888.77,1801.4171000000001,7240.4580000000005,3620.2290000000003,1666.6666666666667,19217.54076666667
2018-05-14,0.0,8351.5,1562.8158,12410.78,6205.39,1666.6666666666667,30197.15246666667
2018-05-15,0.0,8364.95,1469.8831000000002,9867.858,4933.929,1666.6666666666667,26303.28676666667
2018-05-16,1030341.852,8447.07,1359.3727000000001,12937.774000000001,6468.887000000001,1666.6666666666667,1061221.6223666668
2018-05-17,0.0,4469.38,2093.0014,7184.002,3592.001,1666.6666666666667,19005.05106666667
2018-05-18,0.0,4808.26,1623.56565,7285.954,3642.977,1666.6666666666667,19027.423316666667
2018-05-19,0.0,3109.84,2117.9816,5638.246,2819.123,1666.6666666666667,15351.857266666666
2018-05-20,0.0,3488.43,1157.5312000000001,4603.396,2301.698,1666.6666666666667,13217.721866666665
2018-05-21,0.0,4216.62,1196.1789,5889.342000000001,2944.6710000000003,1666.6666666666667,15913.478566666667
2018-05-22,0.0,4192.36,1046.9165,6352.264,3176.132,1666.6666666666667,16434.339166666665
2018-05-23,0.0,2761.24,1117.1615,4052.46,2026.23,1666.6666666666667,11623.758166666667
2018-05-24,0.0,2201.41,927.8076500000001,4455.740000000001,2227.8700000000003,1666.6666666666667,11479.494316666667
2018-05-25,0.0,2248.45,835.9974000000001,3627.474,1813.737,1666.6666666666667,10192.325066666666
2018-05-26,0.0,2114.92,663.2496500000001,3382.818,1691.409,1666.6666666666667,9519.063316666667
2018-05-27,0.0,2170.43,696.0114000000001,2938.7360000000003,1469.3680000000002,1666.6666666666667,8941.212066666667
2018-05-28,0.0,3412.52,590.3562000000001,6022.9980000000005,3011.4990000000003,1666.6666666666667,14704.039866666666
2018-05-29,0.0,3858.55,775.6920500000001,5888.2660000000005,2944.1330000000003,1666.6666666666667,15133.307716666666
2018-05-30,0.0,3315.08,732.6119500000001,4505.814,2252.907,1666.6666666666667,12473.079616666668
2018-05-31,0.0,3045.24,1055.00045,5631.304,2815.652,1666.6666666666667,14213.863116666666
2018-06-01,0.0,4983.75,796.1086,7456.810000000001,3728.4050000000007,1666.6666666666667,18631.74026666667
2018-06-02,0.0,3673.37,959.5533500000001,5787.9980000000005,2893.9990000000003,1666.6666666666667,14981.587016666666
2018-06-03,0.0,4408.24,908.2482500000001,6573.982,3286.991,1666.6666666666667,16844.127916666668
2018-06-04,0.0,5704.0,1198.38355,6865.280000000001,3432.6400000000003,1666.6666666666667,18866.97021666667
2018-06-05,0.0,5392.36,1183.9824500000002,7221.19,3610.595,1666.6666666666667,19074.794116666668
2018-06-06,0.0,6042.58,1253.1029,6435.396000000001,3217.6980000000003,1666.6666666666667,18615.44356666667
2018-06-07,0.0,5655.9800000000005,1067.2382,8535.276,4267.638,1666.6666666666667,21192.798866666668
2018-06-08,0.0,4926.79,1206.0230000000001,6359.4400000000005,3179.7200000000003,1666.6666666666667,17338.63966666667
2018-06-09,0.0,4708.69,1211.80955,6806.756,3403.378,1666.6666666666667,17797.300216666667
2018-06-10,0.0,4764.35,1413.8334,6028.150000000001,3014.0750000000003,1666.6666666666667,16887.075066666668
2018-06-11,0.0,7643.58,1072.62505,11469.112000000001,5734.5560000000005,1666.6666666666667,27586.53971666667
2018-06-12,0.0,6393.43,1283.7562500000001,9352.486,4676.243,1666.6666666666667,23372.581916666673
2018-06-13,0.0,6863.56,1181.9682,8218.467999999999,4109.2339999999995,1666.6666666666667,22039.896866666666
2018-06-14,0.0,5202.61,1940.4500500000001,6541.442,3270.721,1666.6666666666667,18621.88971666667
2018-06-15,0.0,4867.15,1526.4168500000003,6257.142,3128.571,1666.6666666666667,17445.946516666667
2018-06-16,918444.861,4384.03,1458.3838500000002,5800.0160000000005,2900.0080000000003,1666.6666666666667,934653.9655166666
2018-06-17,0.0,3435.19,1226.0342500000002,4150.304,2075.152,1666.6666666666667,12553.346916666665
2018-06-18,0.0,6245.41,914.2707000000001,8147.496000000001,4073.7480000000005,1666.6666666666667,21047.591366666667
2018-06-19,0.0,5359.31,1192.7765500000003,7965.2660000000005,3982.6330000000003,1666.6666666666667,20166.65221666667
2018-06-20,0.0,5528.52,1006.92165,6850.3,3425.15,1666.6666666666667,18477.55831666667
2018-06-21,0.0,5598.41,1251.3385500000002,6660.398,3330.199,1666.6666666666667,18507.01221666667
2018-06-22,0.0,3945.89,1570.3807,5750.630000000001,2875.3150000000005,1666.6666666666667,15808.882366666669
2018-06-23,0.0,3669.57,980.1340500000001,4220.318,2110.159,1666.6666666666667,12646.847716666665
2018-06-24,0.0,4988.0,1021.6489500000001,5858.318,2929.159,1666.6666666666667,16463.792616666666
2018-06-25,0.0,5697.78,899.41775,8348.660000000002,4174.330000000001,1666.6666666666667,20786.85441666667
2018-06-26,0.0,6611.09,906.2991000000001,7454.776,3727.388,1666.6666666666667,20366.21976666667
2018-06-27,0.0,6009.45,1172.6197,6501.186000000001,3250.5930000000003,1666.6666666666667,18600.51536666667
2018-06-28,0.0,6554.28,1456.0413,7748.188000000001,3874.0940000000005,1666.6666666666667,21299.26996666667
2018-06-29,0.0,4617.18,1251.3711,5009.732,2504.866,1666.6666666666667,15049.815766666667
2018-06-30,0.0,3241.82,1149.4553,3724.342,1862.171,1666.6666666666667,11644.454966666666
2018-07-01,0.0,4691.2300000000005,1140.8999000000001,5812.14,2906.07,1666.6666666666667,16217.006566666667
2018-07-02,0.0,6241.21,863.8805000000001,5822.682000000001,2911.3410000000003,1666.6666666666667,17505.780166666667
2018-07-03,0.0,5138.96,801.3565000000001,6272.276000000001,3136.1380000000004,1666.6666666666667,17015.39716666667
2018-07-04,0.0,5905.88,1037.19595,8263.706,4131.853,1666.6666666666667,21005.301616666668
2018-07-05,0.0,5125.28,1058.3699000000001,6743.126,3371.563,1666.6666666666667,17965.005566666667
2018-07-06,0.0,3103.13,1142.1662000000001,4421.7339999999995,2210.8669999999997,1666.6666666666667,12544.563866666667
2018-07-07,0.0,2200.68,1396.6463,2255.448,1127.724,1666.6666666666667,8647.164966666665
2018-07-08,0.0,3086.3,1002.4430500000001,3458.852,1729.426,1666.6666666666667,10943.687716666665
2018-07-09,0.0,3557.32,564.07995,4624.434,2312.217,1666.6666666666667,12724.717616666667
2018-07-10,0.0,3522.2,492.41465000000005,4449.354,2224.677,1666.6666666666667,12355.312316666666
2018-07-11,0.0,3605.66,665.4067,4407.332,2203.666,1666.6666666666667,12548.731366666665
2018-07-12,0.0,3258.86,855.4682500000001,4590.166,2295.083,1666.6666666666667,12666.243916666666
2018-07-13,0.0,4885.17,754.8198,6505.878000000001,3252.9390000000003,1666.6666666666667,17065.473466666666
2018-07-14,0.0,4149.56,915.6609000000002,5238.854,2619.427,1666.6666666666667,14590.168566666665
2018-07-15,0.0,4435.44,745.2637500000001,6886.586,3443.293,1666.6666666666667,17177.249416666666
2018-07-16,888057.747,6428.8,1331.2096000000001,7509.624000000001,3754.8120000000004,1666.6666666666667,908748.8592666666
2018-07-17,0.0,5296.89,1203.94715,7006.076,3503.038,1666.6666666666667,18676.61781666667
2018-07-18,0.0,7790.66,970.70995,9796.83,4898.415,1666.6666666666667,25123.28161666667
2018-07-19,0.0,6205.66,1207.1269,8982.25,4491.125,1666.6666666666667,22552.828566666667
2018-07-20,0.0,6007.43,1513.827,7581.124000000001,3790.5620000000004,1666.6666666666667,20559.60966666667
2018-07-21,0.0,4285.66,1618.6156000000003,5038.8460000000005,2519.4230000000002,1666.6666666666667,15129.211266666667
2018-07-22,0.0,5053.64,1223.6647500000001,6202.412,3101.206,1666.6666666666667,17247.589416666666
2018-07-23,0.0,8011.23,1238.1428500000002,9562.35,4781.175,1666.6666666666667,25259.564516666665
2018-07-24,0.0,6557.68,1064.9513000000002,9616.688,4808.344,1666.6666666666667,23714.32996666667
2018-07-25,0.0,7458.14,1273.81835,9566.162,4783.081,1666.6666666666667,24747.86801666667
2018-07-26,0.0,6459.07,1946.9726500000002,8264.622000000001,4132.311000000001,1666.6666666666667,22469.64231666667
2018-07-27,0.0,4959.38,1638.90825,6666.224000000001,3333.1120000000005,1666.6666666666667,18264.29091666667
2018-07-28,0.0,4855.0,1368.07895,6013.024,3006.512,1666.6666666666667,16909.281616666667
2018-07-29,0.0,4823.6,1274.3129000000001,6895.218,3447.609,1666.6666666666667,18107.40656666667
2018-07-30,0.0,6593.97,1164.3989000000001,8892.148,4446.074,1666.6666666666667,22763.257566666667
2018-07-31,0.0,0.0,1409.8059500000002,0.0,0.0,1666.6666666666667,3076.472616666667
